time,fee
2019-12-31 18:00:00,0.004094696708340469
2019-12-31 19:00:00,0.0041072231773065645
2019-12-31 20:00:00,0.004027017399889279
2019-12-31 21:00:00,0.004166124606405268
2019-12-31 22:00:00,0.004041131184631804
2019-12-31 23:00:00,0.004169636448175654
2020-01-01 00:00:00,0.004146577222893994
2020-01-01 01:00:00,0.004110073827146936
2020-01-01 02:00:00,0.004112871860153106
2020-01-01 03:00:00,0.004113051586689517
2020-01-01 04:00:00,0.004150923150356148
2020-01-01 05:00:00,0.004111722373231132
2020-01-01 06:00:00,0.004123446920122888
2020-01-01 07:00:00,0.00411259156896944
2020-01-01 08:00:00,0.004175826748685453
2020-01-01 09:00:00,0.0041159092316632225
2020-01-01 10:00:00,0.004246618107563025
2020-01-01 11:00:00,0.00411307664065983
2020-01-01 12:00:00,0.00412636619543901
2020-01-01 13:00:00,0.0041539606350508695
2020-01-01 14:00:00,0.004223801716807255
2020-01-01 15:00:00,0.004109030534111531
2020-01-01 16:00:00,0.004149346380364945
2020-01-01 17:00:00,0.004108188854666281
2020-01-01 18:00:00,0.004260809539808917
2020-01-01 19:00:00,0.004104172516694491
2020-01-01 20:00:00,0.004108862895152793
2020-01-01 21:00:00,0.004181126038280967
2020-01-01 22:00:00,0.004093874968057121
2020-01-01 23:00:00,0.004105695978911371
2020-01-02 00:00:00,0.004472484319177876
2020-01-02 01:00:00,0.004113991588120359
2020-01-02 02:00:00,0.0041136364785540865
2020-01-02 03:00:00,0.004138222120046171
2020-01-02 04:00:00,0.004125466080572871
2020-01-02 05:00:00,0.004128466635257165
2020-01-02 06:00:00,0.004139387772605609
2020-01-02 07:00:00,0.00412838120014373
2020-01-02 08:00:00,0.004110843892182697
2020-01-02 09:00:00,0.004113089986709904
2020-01-02 10:00:00,0.00412762434197731
2020-01-02 11:00:00,0.004107324275219495
2020-01-02 12:00:00,0.0041108309384306815
2020-01-02 13:00:00,0.004135338273851178
2020-01-02 14:00:00,0.004103592331481034
2020-01-02 15:00:00,0.0040799814512093415
2020-01-02 16:00:00,0.004144201181902124
2020-01-02 17:00:00,0.004100416301572828
2020-01-02 18:00:00,0.004104160045430454
2020-01-02 19:00:00,0.004093578860186418
2020-01-02 20:00:00,0.004076372436456996
2020-01-02 21:00:00,0.00406842801425031
2020-01-02 22:00:00,0.004134670861165684
2020-01-02 23:00:00,0.005193823575418994
2020-01-03 00:00:00,0.004096373337084975
2020-01-03 01:00:00,0.004101642687027611
2020-01-03 02:00:00,0.0041069485502341066
2020-01-03 03:00:00,0.004108165798128135
2020-01-03 04:00:00,0.004217264476473299
2020-01-03 05:00:00,0.004104193462448892
2020-01-03 06:00:00,0.00413373320543926
2020-01-03 07:00:00,0.004121109062517842
2020-01-03 08:00:00,0.004210189658049738
2020-01-03 09:00:00,0.004121562450469798
2020-01-03 10:00:00,0.004105683919465909
2020-01-03 11:00:00,0.004103923557622275
2020-01-03 12:00:00,0.0043180132811827185
2020-01-03 13:00:00,0.004265607562039404
2020-01-03 14:00:00,0.004106704094664464
2020-01-03 15:00:00,0.004102055351144236
2020-01-03 16:00:00,0.004118297019277499
2020-01-03 17:00:00,0.004104458486819776
2020-01-03 18:00:00,0.004122406300313328
2020-01-03 19:00:00,0.0041277432565035715
2020-01-03 20:00:00,0.004141336766006985
2020-01-03 21:00:00,0.004071035071668191
2020-01-03 22:00:00,0.005291366405228758
2020-01-03 23:00:00,0.004142978191079919
2020-01-04 00:00:00,0.0040899104553042956
2020-01-04 01:00:00,0.004100986516198884
2020-01-04 02:00:00,0.004121195621740642
2020-01-04 03:00:00,0.004105751471055979
2020-01-04 04:00:00,0.004105076544021025
2020-01-04 05:00:00,0.00412305873015873
2020-01-04 06:00:00,0.0041240476290240165
2020-01-04 07:00:00,0.004105010406853809
2020-01-04 08:00:00,0.004106531995097723
2020-01-04 09:00:00,0.004105479524277457
2020-01-04 10:00:00,0.0041053667768109125
2020-01-04 11:00:00,0.004104566964208711
2020-01-04 12:00:00,0.004106041109192665
2020-01-04 13:00:00,0.0041055055961055666
2020-01-04 14:00:00,0.004105599631179861
2020-01-04 15:00:00,0.004113100993394981
2020-01-04 16:00:00,0.0041060441229877655
2020-01-04 17:00:00,0.00416498759764647
2020-01-04 18:00:00,0.004097513403347555
2020-01-04 19:00:00,0.004119093744892747
2020-01-04 20:00:00,0.004083930719788686
2020-01-04 21:00:00,0.004069988237476809
2020-01-04 22:00:00,0.005226118076394614
2020-01-04 23:00:00,0.004639093972566605
2020-01-05 00:00:00,0.004096000642649977
2020-01-05 01:00:00,0.004102634733709025
2020-01-05 02:00:00,0.004210416069184308
2020-01-05 03:00:00,0.004107510385660288
2020-01-05 04:00:00,0.004122706642373428
2020-01-05 05:00:00,0.004273593914982578
2020-01-05 06:00:00,0.004104687150067802
2020-01-05 07:00:00,0.004106293363867685
2020-01-05 08:00:00,0.004177996370162724
2020-01-05 09:00:00,0.004105272806523447
2020-01-05 10:00:00,0.004106632585184163
2020-01-05 11:00:00,0.004123253567789414
2020-01-05 12:00:00,0.004162696154037886
2020-01-05 13:00:00,0.004106079677377475
2020-01-05 14:00:00,0.004105708518300654
2020-01-05 15:00:00,0.004103186959148088
2020-01-05 16:00:00,0.004106137303163389
2020-01-05 17:00:00,0.004104329312069198
2020-01-05 18:00:00,0.0041232783851825215
2020-01-05 19:00:00,0.004125425420148195
2020-01-05 20:00:00,0.00408002847413569
2020-01-05 21:00:00,0.004057201569688768
2020-01-05 22:00:00,0.004057334731432361
2020-01-05 23:00:00,0.004083255017852892
2020-01-06 00:00:00,0.004097429642999337
2020-01-06 01:00:00,0.004104692536165677
2020-01-06 02:00:00,0.004106930526826311
2020-01-06 03:00:00,0.004106522602731661
2020-01-06 04:00:00,0.004104273830921554
2020-01-06 05:00:00,0.00410475534200113
2020-01-06 06:00:00,0.004119736110623354
2020-01-06 07:00:00,0.004105936927881885
2020-01-06 08:00:00,0.004104797311283009
2020-01-06 09:00:00,0.004106349356522833
2020-01-06 10:00:00,0.004103999299915141
2020-01-06 11:00:00,0.004119558058727569
2020-01-06 12:00:00,0.00410781903616475
2020-01-06 13:00:00,0.0041053596843659635
2020-01-06 14:00:00,0.004105747587588186
2020-01-06 15:00:00,0.004099625989101819
2020-01-06 16:00:00,0.004100858159040707
2020-01-06 17:00:00,0.004100430729574706
2020-01-06 18:00:00,0.004101526669109564
2020-01-06 19:00:00,0.00409318293272371
2020-01-06 20:00:00,0.004070500699062233
2020-01-06 21:00:00,0.0041638203856332705
2020-01-06 22:00:00,0.004066174073932927
2020-01-06 23:00:00,0.004084499578510592
2020-01-07 00:00:00,0.0041304275803746154
2020-01-07 01:00:00,0.004121048281589568
2020-01-07 02:00:00,0.0041640799811332235
2020-01-07 03:00:00,0.004107651657329065
2020-01-07 04:00:00,0.004107216948161055
2020-01-07 05:00:00,0.004106323820725172
2020-01-07 06:00:00,0.004101096420834294
2020-01-07 07:00:00,0.004101475003152585
2020-01-07 08:00:00,0.004099861178635818
2020-01-07 09:00:00,0.004105205102823514
2020-01-07 10:00:00,0.004106229670167031
2020-01-07 11:00:00,0.004105223871217498
2020-01-07 12:00:00,0.0041064517494794886
2020-01-07 13:00:00,0.004352917613730093
2020-01-07 14:00:00,0.005404420918013856
2020-01-07 15:00:00,0.0042514016612225855
2020-01-07 16:00:00,0.004105920472388556
2020-01-07 17:00:00,0.008334323229923873
2020-01-07 18:00:00,0.0041018673291582245
2020-01-07 19:00:00,0.4225569683171521
2020-01-07 20:00:00,0.026204200439153943
2020-01-07 21:00:00,0.004030329077490775
2020-01-07 22:00:00,0.004009499318181818
2020-01-07 23:00:00,0.004059393632258064
2020-01-08 00:00:00,0.004516741616465863
2020-01-08 01:00:00,0.004125743452680277
2020-01-08 02:00:00,0.004122205689667656
2020-01-08 03:00:00,0.004119972616399379
2020-01-08 04:00:00,0.004104162153000741
2020-01-08 05:00:00,0.004105101280842269
2020-01-08 06:00:00,0.004103962519581341
2020-01-08 07:00:00,0.004471702865357329
2020-01-08 08:00:00,0.004249319568058076
2020-01-08 09:00:00,0.0041218198028625435
2020-01-08 10:00:00,0.004120666143006627
2020-01-08 11:00:00,0.004101457391304348
2020-01-08 12:00:00,0.004121637082853027
2020-01-08 13:00:00,0.004234092995698924
2020-01-08 14:00:00,0.004135098518518518
2020-01-08 15:00:00,0.004118101293144368
2020-01-08 16:00:00,0.004101703990306947
2020-01-08 17:00:00,0.0041234219934282584
2020-01-08 18:00:00,0.004383535475934552
2020-01-08 19:00:00,0.004083578170248279
2020-01-08 20:00:00,0.00415480582570487
2020-01-08 21:00:00,0.004013585445939213
2020-01-08 22:00:00,0.0038902648148148146
2020-01-08 23:00:00,0.004089268324241391
2020-01-09 00:00:00,0.004190686918475237
2020-01-09 01:00:00,0.004101237495972794
2020-01-09 02:00:00,0.004113149292184076
2020-01-09 03:00:00,0.00410364345056771
2020-01-09 04:00:00,0.004104705195859987
2020-01-09 05:00:00,0.00410438791336542
2020-01-09 06:00:00,0.004102401806537797
2020-01-09 07:00:00,0.004101236390196397
2020-01-09 08:00:00,0.004104622655902829
2020-01-09 09:00:00,0.004102438934624697
2020-01-09 10:00:00,0.004101501784271594
2020-01-09 11:00:00,0.004101697180126288
2020-01-09 12:00:00,0.004178790829848826
2020-01-09 13:00:00,0.004099268539481174
2020-01-09 14:00:00,0.004171250925516806
2020-01-09 15:00:00,0.004101122696694215
2020-01-09 16:00:00,0.004092736459480724
2020-01-09 17:00:00,0.004102194589989351
2020-01-09 18:00:00,0.004092586530612245
2020-01-09 19:00:00,0.004085275875859196
2020-01-09 20:00:00,0.004056176211376404
2020-01-09 21:00:00,0.004957420808566434
2020-01-09 22:00:00,0.004253044767335766
2020-01-09 23:00:00,0.004138489268707483
2020-01-10 00:00:00,0.004520015899530325
2020-01-10 01:00:00,0.0040981160504572
2020-01-10 02:00:00,0.004101432542745482
2020-01-10 03:00:00,0.00409689418004633
2020-01-10 04:00:00,0.004096851006237388
2020-01-10 05:00:00,0.004097991948367786
2020-01-10 06:00:00,0.004115786973110097
2020-01-10 07:00:00,0.007022419802279835
2020-01-10 08:00:00,0.004121406171752398
2020-01-10 09:00:00,0.00446154406088455
2020-01-10 10:00:00,0.0041470003368112756
2020-01-10 11:00:00,0.004102289556118143
2020-01-10 12:00:00,0.004199313398050802
2020-01-10 13:00:00,0.0041000169015751615
2020-01-10 14:00:00,0.004096312399414062
2020-01-10 15:00:00,0.004119840859712853
2020-01-10 16:00:00,0.004122224722801529
2020-01-10 17:00:00,0.004119976161321671
2020-01-10 18:00:00,0.004096334883353995
2020-01-10 19:00:00,0.004911025439137134
2020-01-10 20:00:00,0.004039135285313377
2020-01-10 21:00:00,0.006273969219194795
2020-01-10 22:00:00,0.005333656177204659
2020-01-10 23:00:00,0.0040285123470012235
2020-01-11 00:00:00,0.00408718998637337
2020-01-11 01:00:00,0.004100192957675681
2020-01-11 02:00:00,0.004103413392053392
2020-01-11 03:00:00,0.004104171686676428
2020-01-11 04:00:00,0.004104840844988767
2020-01-11 05:00:00,0.00410222636157649
2020-01-11 06:00:00,0.004122808676174237
2020-01-11 07:00:00,0.00410082429847783
2020-01-11 08:00:00,0.004104085660001476
2020-01-11 09:00:00,0.004105430777594728
2020-01-11 10:00:00,0.004253141028017987
2020-01-11 11:00:00,0.004170994485244118
2020-01-11 12:00:00,0.004104266314865529
2020-01-11 13:00:00,0.004103990274455077
2020-01-11 14:00:00,0.004102522800135501
2020-01-11 15:00:00,0.004266724185338117
2020-01-11 16:00:00,0.004103733612431444
2020-01-11 17:00:00,0.0042837929797297294
2020-01-11 18:00:00,0.004499910185796473
2020-01-11 19:00:00,0.004089282935275081
2020-01-11 20:00:00,0.004322340752979415
2020-01-11 21:00:00,0.004050806490218642
2020-01-11 22:00:00,0.004038632927293491
2020-01-11 23:00:00,0.00406596727534378
2020-01-12 00:00:00,0.0041353477370646265
2020-01-12 01:00:00,0.004100053867571822
2020-01-12 02:00:00,0.004103493461927467
2020-01-12 03:00:00,0.00409511139589362
2020-01-12 04:00:00,0.004192765660473588
2020-01-12 05:00:00,0.004123280633553373
2020-01-12 06:00:00,0.004146561744793898
2020-01-12 07:00:00,0.00409709024418709
2020-01-12 08:00:00,0.004124702562931034
2020-01-12 09:00:00,0.0041027914715926735
2020-01-12 10:00:00,0.004101617987879781
2020-01-12 11:00:00,0.004098810080688133
2020-01-12 12:00:00,0.004098938808414616
2020-01-12 13:00:00,0.004176245861530046
2020-01-12 14:00:00,0.004099169002580967
2020-01-12 15:00:00,0.004102398655324294
2020-01-12 16:00:00,0.004102436948544402
2020-01-12 17:00:00,0.004103260816912972
2020-01-12 18:00:00,0.00434086808468905
2020-01-12 19:00:00,0.004076062519326066
2020-01-12 20:00:00,0.004384145918721778
2020-01-12 21:00:00,0.004043916425837321
2020-01-12 22:00:00,0.004147578771764706
2020-01-12 23:00:00,0.004060372882331774
2020-01-13 00:00:00,0.004085074521298175
2020-01-13 01:00:00,0.004224388908998475
2020-01-13 02:00:00,0.004102186402411455
2020-01-13 03:00:00,0.004103423478448897
2020-01-13 04:00:00,0.0041425147123143055
2020-01-13 05:00:00,0.004102498778725132
2020-01-13 06:00:00,0.004102302014432809
2020-01-13 07:00:00,0.004101583002622008
2020-01-13 08:00:00,0.004104118938286958
2020-01-13 09:00:00,0.004122644620885937
2020-01-13 10:00:00,0.00410197179772858
2020-01-13 11:00:00,0.004105337391134544
2020-01-13 12:00:00,0.00412126060102688
2020-01-13 13:00:00,0.0041063751487876565
2020-01-13 14:00:00,0.004133926266764845
2020-01-13 15:00:00,0.004133978093231499
2020-01-13 16:00:00,0.004134203348059501
2020-01-13 17:00:00,0.004113059369322755
2020-01-13 18:00:00,0.004142620495170933
2020-01-13 19:00:00,0.0041280496329504065
2020-01-13 20:00:00,0.004382029469157041
2020-01-13 21:00:00,0.004147323444792755
2020-01-13 22:00:00,0.0052302760426287745
2020-01-13 23:00:00,0.004060974065934066
2020-01-14 00:00:00,0.004463899798633585
2020-01-14 01:00:00,0.004100960704324182
2020-01-14 02:00:00,0.004104942466093601
2020-01-14 03:00:00,0.004105502281961579
2020-01-14 04:00:00,0.004105586062182662
2020-01-14 05:00:00,0.004104386096488214
2020-01-14 06:00:00,0.004102081921610931
2020-01-14 07:00:00,0.004109678209129168
2020-01-14 08:00:00,0.004121875654258675
2020-01-14 09:00:00,0.004106180796794239
2020-01-14 10:00:00,0.004136686115921116
2020-01-14 11:00:00,0.009747292543010069
2020-01-14 12:00:00,0.004165023265383883
2020-01-14 13:00:00,0.004105809935684062
2020-01-14 14:00:00,0.0041062516172492985
2020-01-14 15:00:00,0.004199579186880938
2020-01-14 16:00:00,0.0041061829778906165
2020-01-14 17:00:00,0.004117662788042839
2020-01-14 18:00:00,0.004100441024332142
2020-01-14 19:00:00,0.004085246375848834
2020-01-14 20:00:00,0.004636896841967556
2020-01-14 21:00:00,0.004145572687125749
2020-01-14 22:00:00,0.004048466619883041
2020-01-14 23:00:00,0.004071076319362456
2020-01-15 00:00:00,0.005470013412287194
2020-01-15 01:00:00,0.004099160966770307
2020-01-15 02:00:00,0.004154704479282536
2020-01-15 03:00:00,0.004100662108216433
2020-01-15 04:00:00,0.0069795289445375806
2020-01-15 05:00:00,0.004121989830454254
2020-01-15 06:00:00,0.005397627418670439
2020-01-15 07:00:00,0.004122797045086194
2020-01-15 08:00:00,0.004326580988367614
2020-01-15 09:00:00,0.004104393757315357
2020-01-15 10:00:00,0.0041042006451375065
2020-01-15 11:00:00,0.004103829546803736
2020-01-15 12:00:00,0.004104858617740652
2020-01-15 13:00:00,0.004105320240146176
2020-01-15 14:00:00,0.004102992621030346
2020-01-15 15:00:00,0.004102523577512777
2020-01-15 16:00:00,0.004098728744019139
2020-01-15 17:00:00,0.004103427061337555
2020-01-15 18:00:00,0.004092046760493336
2020-01-15 19:00:00,0.004088370628711142
2020-01-15 20:00:00,0.004070895280300657
2020-01-15 21:00:00,0.004270516635964912
2020-01-15 22:00:00,0.004156066562929062
2020-01-15 23:00:00,0.004050441818851252
2020-01-16 00:00:00,0.0045658069475048605
2020-01-16 01:00:00,0.0040976822646526965
2020-01-16 02:00:00,0.004101649381262342
2020-01-16 03:00:00,0.004100153058016576
2020-01-16 04:00:00,0.004094380896561423
2020-01-16 05:00:00,0.004102382118004203
2020-01-16 06:00:00,0.004242955449022056
2020-01-16 07:00:00,0.004283686984826651
2020-01-16 08:00:00,0.0041889676798620235
2020-01-16 09:00:00,0.004140519581444545
2020-01-16 10:00:00,0.004679837995711222
2020-01-16 11:00:00,0.004122780779887121
2020-01-16 12:00:00,0.006583611644435976
2020-01-16 13:00:00,0.004162333872277594
2020-01-16 14:00:00,0.0042436823652141804
2020-01-16 15:00:00,0.004301434488121801
2020-01-16 16:00:00,0.004101697988834613
2020-01-16 17:00:00,0.004098300587118548
2020-01-16 18:00:00,0.0040985302015137184
2020-01-16 19:00:00,0.004163264010924122
2020-01-16 20:00:00,0.004075134348235294
2020-01-16 21:00:00,0.004053053989778534
2020-01-16 22:00:00,0.004064295049760413
2020-01-16 23:00:00,0.00435387607703281
2020-01-17 00:00:00,0.00408700100114323
2020-01-17 01:00:00,0.004399901177391577
2020-01-17 02:00:00,0.004120115784607371
2020-01-17 03:00:00,0.004097216713079352
2020-01-17 04:00:00,0.004065059397407065
2020-01-17 05:00:00,0.004103449492063492
2020-01-17 06:00:00,0.004096412983563354
2020-01-17 07:00:00,0.004170426867015546
2020-01-17 08:00:00,0.0041223924433229815
2020-01-17 09:00:00,0.004427510556994818
2020-01-17 10:00:00,0.004100600649513418
2020-01-17 11:00:00,0.004245915678748062
2020-01-17 12:00:00,0.004200069055168858
2020-01-17 13:00:00,0.006115180188519978
2020-01-17 14:00:00,0.007283351933267338
2020-01-17 15:00:00,0.02264821679697499
2020-01-17 16:00:00,0.011260598086232565
2020-01-17 17:00:00,0.004817576605721027
2020-01-17 18:00:00,0.0040929630919640725
2020-01-17 19:00:00,0.004091757655063744
2020-01-17 20:00:00,0.004072621933855087
2020-01-17 21:00:00,0.004153997485886338
2020-01-17 22:00:00,0.007063847842105263
2020-01-17 23:00:00,0.0052623359774919614
2020-01-18 00:00:00,0.0040851317705299945
2020-01-18 01:00:00,0.004101052918125888
2020-01-18 02:00:00,0.004101356621434506
2020-01-18 03:00:00,0.00410543817612631
2020-01-18 04:00:00,0.004103242991869919
2020-01-18 05:00:00,0.004103002203018868
2020-01-18 06:00:00,0.004103073992979019
2020-01-18 07:00:00,0.004096844856948807
2020-01-18 08:00:00,0.004102745761511216
2020-01-18 09:00:00,0.004101643724025049
2020-01-18 10:00:00,0.0040879900466778505
2020-01-18 11:00:00,0.004103384929980424
2020-01-18 12:00:00,0.004122718726538707
2020-01-18 13:00:00,0.004104964111932129
2020-01-18 14:00:00,0.004104851343996526
2020-01-18 15:00:00,0.004103699416707061
2020-01-18 16:00:00,0.004096088762007361
2020-01-18 17:00:00,0.004253268707413114
2020-01-18 18:00:00,0.00410009145920446
2020-01-18 19:00:00,0.004086007240951029
2020-01-18 20:00:00,0.005830667916055181
2020-01-18 21:00:00,0.00403007146785281
2020-01-18 22:00:00,0.004050144984381972
2020-01-18 23:00:00,0.027105167166361976
2020-01-19 00:00:00,0.005931562944140197
2020-01-19 01:00:00,0.004097765704624782
2020-01-19 02:00:00,0.004102298661942476
2020-01-19 03:00:00,0.004123998528882343
2020-01-19 04:00:00,0.004100164904705684
2020-01-19 05:00:00,0.0041028425295961
2020-01-19 06:00:00,0.004100144451119078
2020-01-19 07:00:00,0.004099925901524268
2020-01-19 08:00:00,0.004100021731529657
2020-01-19 09:00:00,0.004100607842485831
2020-01-19 10:00:00,0.004390576017076374
2020-01-19 11:00:00,0.004101225391661993
2020-01-19 12:00:00,0.004099759976161046
2020-01-19 13:00:00,0.0041017859223117
2020-01-19 14:00:00,0.004097791832624114
2020-01-19 15:00:00,0.004151134849670281
2020-01-19 16:00:00,0.004099614789460923
2020-01-19 17:00:00,0.004122194698258404
2020-01-19 18:00:00,0.004122372184432778
2020-01-19 19:00:00,0.004571433461538461
2020-01-19 20:00:00,0.004233892107526882
2020-01-19 21:00:00,0.004028624915254237
2020-01-19 22:00:00,0.005195925121708893
2020-01-19 23:00:00,0.004057636711111111
2020-01-20 00:00:00,0.004088124454359547
2020-01-20 01:00:00,0.0041016744193216855
2020-01-20 02:00:00,0.004105220044596195
2020-01-20 03:00:00,0.004104812820840336
2020-01-20 04:00:00,0.004102165382989963
2020-01-20 05:00:00,0.004102453942200224
2020-01-20 06:00:00,0.004102287495409781
2020-01-20 07:00:00,0.004123628241748894
2020-01-20 08:00:00,0.004102229126397107
2020-01-20 09:00:00,0.00417145344055434
2020-01-20 10:00:00,0.004122850482954545
2020-01-20 11:00:00,0.0041007400351707815
2020-01-20 12:00:00,0.0040967465303233495
2020-01-20 13:00:00,0.004141748763816542
2020-01-20 14:00:00,0.004094144664465075
2020-01-20 15:00:00,0.004102586218461727
2020-01-20 16:00:00,0.004101721795967845
2020-01-20 17:00:00,0.004354392434204451
2020-01-20 18:00:00,0.002531033708920188
2020-01-20 19:00:00,0.0025368070283018867
2020-01-20 20:00:00,0.004046644352941177
2020-01-20 21:00:00,0.0025340919883040935
2020-01-20 22:00:00,0.0042030513815789474
2020-01-20 23:00:00,0.0025337680588235294
2020-01-21 00:00:00,0.004113045644171779
2020-01-21 01:00:00,0.0025332476388888886
2020-01-21 02:00:00,0.002533431506849315
2020-01-21 03:00:00,0.003962246888888889
2020-01-21 04:00:00,0.0025339351592356687
2020-01-21 05:00:00,0.0037924718226600984
2020-01-21 06:00:00,0.0025376558421052633
2020-01-21 07:00:00,0.004083084606060606
2020-01-21 08:00:00,0.002537381851851852
2020-01-21 09:00:00,0.004100403854426081
2020-01-21 10:00:00,0.004094574709656085
2020-01-21 11:00:00,0.004093485782841473
2020-01-21 12:00:00,0.004091025093598336
2020-01-21 13:00:00,0.004094486779041916
2020-01-21 14:00:00,0.004099457361023572
2020-01-21 15:00:00,0.004097242041309014
2020-01-21 16:00:00,0.004094742555965056
2020-01-21 17:00:00,0.0041171594659368295
2020-01-21 18:00:00,0.004086271030454319
2020-01-21 19:00:00,0.004110522617874736
2020-01-21 20:00:00,0.00404774840229538
2020-01-21 21:00:00,0.004009894724342664
2020-01-21 22:00:00,0.004008674804375263
2020-01-21 23:00:00,0.00554166274897895
2020-01-22 00:00:00,0.004068696558636194
2020-01-22 01:00:00,0.006743332547214131
2020-01-22 02:00:00,0.004674049524180967
2020-01-22 03:00:00,0.004098676582362288
2020-01-22 04:00:00,0.0040995915438963755
2020-01-22 05:00:00,0.00412725296383312
2020-01-22 06:00:00,0.004211552664500853
2020-01-22 07:00:00,0.004116530045863671
2020-01-22 08:00:00,0.004115295204663541
2020-01-22 09:00:00,0.004116768621515534
2020-01-22 10:00:00,0.004116782622877234
2020-01-22 11:00:00,0.0040984542855091195
2020-01-22 12:00:00,0.004112336403219905
2020-01-22 13:00:00,0.004017095690328177
2020-01-22 14:00:00,0.004099022330945653
2020-01-22 15:00:00,0.00409856979113924
2020-01-22 16:00:00,0.004097314656375555
2020-01-22 17:00:00,0.004091865885762869
2020-01-22 18:00:00,0.008506036907196417
2020-01-22 19:00:00,0.0044487703821032
2020-01-22 20:00:00,0.03764092306602437
2020-01-22 21:00:00,0.012213891268412437
2020-01-22 22:00:00,0.07657359355572403
2020-01-22 23:00:00,0.02809508961771845
2020-01-23 00:00:00,0.11473387439851768
2020-01-23 01:00:00,0.022068335816987587
2020-01-23 02:00:00,0.007088239948834958
2020-01-23 03:00:00,0.0040997478765040325
2020-01-23 04:00:00,0.004113366872427983
2020-01-23 05:00:00,0.004095630296197068
2020-01-23 06:00:00,0.004110600483678004
2020-01-23 07:00:00,0.004096967235023042
2020-01-23 08:00:00,0.004114711366064982
2020-01-23 09:00:00,0.004097259680858728
2020-01-23 10:00:00,0.004089802203197212
2020-01-23 11:00:00,0.004115139722854309
2020-01-23 12:00:00,0.00409833045097011
2020-01-23 13:00:00,0.005207194290885355
2020-01-23 14:00:00,0.018943656846672454
2020-01-23 15:00:00,0.006339532900592399
2020-01-23 16:00:00,0.025851979819903188
2020-01-23 17:00:00,0.0040947600673611655
2020-01-23 18:00:00,0.011383513208917583
2020-01-23 19:00:00,0.006307014034724435
2020-01-23 20:00:00,0.03291219580617496
2020-01-23 21:00:00,0.10015855349910661
2020-01-23 22:00:00,0.00962701881412952
2020-01-23 23:00:00,0.019618717141992127
2020-01-24 00:00:00,0.01529027589823659
2020-01-24 01:00:00,0.004110372163853593
2020-01-24 02:00:00,0.006701381504386283
2020-01-24 03:00:00,0.004095884630376804
2020-01-24 04:00:00,0.0040773951239310045
2020-01-24 05:00:00,0.004117045225826479
2020-01-24 06:00:00,0.0040923815974609895
2020-01-24 07:00:00,0.004419373578038248
2020-01-24 08:00:00,0.004087568876571961
2020-01-24 09:00:00,0.004090815881903306
2020-01-24 10:00:00,0.0040904523862103845
2020-01-24 11:00:00,0.004090491622915503
2020-01-24 12:00:00,0.0057355244911147015
2020-01-24 13:00:00,0.004848261238287444
2020-01-24 14:00:00,0.004086900326668544
2020-01-24 15:00:00,0.004413088168394362
2020-01-24 16:00:00,0.006797418275124189
2020-01-24 17:00:00,0.004329157624710671
2020-01-24 18:00:00,0.004087866023340306
2020-01-24 19:00:00,0.004098403693353474
2020-01-24 20:00:00,0.004360103115606937
2020-01-24 21:00:00,0.004074887857142858
2020-01-24 22:00:00,0.004123923339285714
2020-01-24 23:00:00,0.004033349526542325
2020-01-25 00:00:00,0.0041213772569153396
2020-01-25 01:00:00,0.0159624807156882
2020-01-25 02:00:00,0.004092690503226742
2020-01-25 03:00:00,0.004097747013519344
2020-01-25 04:00:00,0.004097981691765225
2020-01-25 05:00:00,0.004097410125967521
2020-01-25 06:00:00,0.004096809513920935
2020-01-25 07:00:00,0.004095925802931337
2020-01-25 08:00:00,0.0040970286467486815
2020-01-25 09:00:00,0.004104206375284962
2020-01-25 10:00:00,0.004105887360109027
2020-01-25 11:00:00,0.004122433936763794
2020-01-25 12:00:00,0.0041044051476251606
2020-01-25 13:00:00,0.004104890417465389
2020-01-25 14:00:00,0.004106918184665668
2020-01-25 15:00:00,0.004111268012302676
2020-01-25 16:00:00,0.004095946016519909
2020-01-25 17:00:00,0.004137678572555205
2020-01-25 18:00:00,0.004291999266153188
2020-01-25 19:00:00,0.004071029059044049
2020-01-25 20:00:00,0.004048953190298508
2020-01-25 21:00:00,0.004838910107705054
2020-01-25 22:00:00,0.08436625431269214
2020-01-25 23:00:00,0.0040420351929203535
2020-01-26 00:00:00,0.004067386395401262
2020-01-26 01:00:00,0.006027420034857928
2020-01-26 02:00:00,0.004097816959206891
2020-01-26 03:00:00,0.004118168127160197
2020-01-26 04:00:00,0.004093179957401491
2020-01-26 05:00:00,0.004090434512362637
2020-01-26 06:00:00,0.004094147513201155
2020-01-26 07:00:00,0.004093555683822022
2020-01-26 08:00:00,0.004301822458626499
2020-01-26 09:00:00,0.004119843269651741
2020-01-26 10:00:00,0.004258411869575603
2020-01-26 11:00:00,0.004334091389578163
2020-01-26 12:00:00,0.004098098343906757
2020-01-26 13:00:00,0.004152932005269529
2020-01-26 14:00:00,0.004096219263232071
2020-01-26 15:00:00,0.0041175813072765076
2020-01-26 16:00:00,0.004094795803974706
2020-01-26 17:00:00,0.004118128727135584
2020-01-26 18:00:00,0.004079019835543767
2020-01-26 19:00:00,0.004124259188832711
2020-01-26 20:00:00,0.0040338301643730885
2020-01-26 21:00:00,0.003996142441314554
2020-01-26 22:00:00,0.00501395420905273
2020-01-26 23:00:00,0.0040227590530846485
2020-01-27 00:00:00,0.004075765914290903
2020-01-27 01:00:00,0.004094186035929326
2020-01-27 02:00:00,0.004100163091151124
2020-01-27 03:00:00,0.0041009545084287734
2020-01-27 04:00:00,0.00410037426843154
2020-01-27 05:00:00,0.004098041409715294
2020-01-27 06:00:00,0.0040953758372456964
2020-01-27 07:00:00,0.00415858385371517
2020-01-27 08:00:00,0.004092569580088563
2020-01-27 09:00:00,0.00413901930444132
2020-01-27 10:00:00,0.004099138952612932
2020-01-27 11:00:00,0.004095575630190879
2020-01-27 12:00:00,0.003965414601226994
2020-01-27 13:00:00,0.0041488337054746685
2020-01-27 14:00:00,0.004151822049762166
2020-01-27 15:00:00,0.004174355158667508
2020-01-27 16:00:00,0.004137716708136929
2020-01-27 17:00:00,0.004133073466206123
2020-01-27 18:00:00,0.004121451109286165
2020-01-27 19:00:00,0.004211757697410657
2020-01-27 20:00:00,0.0042899331891348095
2020-01-27 21:00:00,0.011837775367783986
2020-01-27 22:00:00,0.0051308074726320796
2020-01-27 23:00:00,0.004030803298662704
2020-01-28 00:00:00,0.00410052835167206
2020-01-28 01:00:00,0.00412895651352198
2020-01-28 02:00:00,0.004135311089526391
2020-01-28 03:00:00,0.004137182429408231
2020-01-28 04:00:00,0.004138039725172274
2020-01-28 05:00:00,0.004135051681019017
2020-01-28 06:00:00,0.004135567798534144
2020-01-28 07:00:00,0.0041341954114627886
2020-01-28 08:00:00,0.0041374424406311
2020-01-28 09:00:00,0.004138841383171674
2020-01-28 10:00:00,0.0041574656387959865
2020-01-28 11:00:00,0.004131822988541106
2020-01-28 12:00:00,0.004319773558369608
2020-01-28 13:00:00,0.004129823813440672
2020-01-28 14:00:00,0.004123908738930216
2020-01-28 15:00:00,0.004133243763859011
2020-01-28 16:00:00,0.004131260577408583
2020-01-28 17:00:00,0.004133477824351297
2020-01-28 18:00:00,0.0041534421682665155
2020-01-28 19:00:00,0.0041439370921985815
2020-01-28 20:00:00,0.00406273213740458
2020-01-28 21:00:00,0.004037200483584738
2020-01-28 22:00:00,0.004014018829697986
2020-01-28 23:00:00,0.004068772847990681
2020-01-29 00:00:00,0.004114103083892618
2020-01-29 01:00:00,0.004156018154617935
2020-01-29 02:00:00,0.004140776113514222
2020-01-29 03:00:00,0.004159189163246987
2020-01-29 04:00:00,0.004139614596951436
2020-01-29 05:00:00,0.004135380786993402
2020-01-29 06:00:00,0.004156164067674586
2020-01-29 07:00:00,0.004226039579987077
2020-01-29 08:00:00,0.004155882987902884
2020-01-29 09:00:00,0.00414916277000777
2020-01-29 10:00:00,0.004126020298383371
2020-01-29 11:00:00,0.004138159641999863
2020-01-29 12:00:00,0.004420164196005765
2020-01-29 13:00:00,0.004167481039717333
2020-01-29 14:00:00,0.004132682580598837
2020-01-29 15:00:00,0.004155333482128284
2020-01-29 16:00:00,0.004566702904178674
2020-01-29 17:00:00,0.004154558233292501
2020-01-29 18:00:00,0.004127965875512996
2020-01-29 19:00:00,0.004193779757701627
2020-01-29 20:00:00,0.0040668994168734495
2020-01-29 21:00:00,0.004205943740172221
2020-01-29 22:00:00,0.00414727709702358
2020-01-29 23:00:00,0.00408010221127801
2020-01-30 00:00:00,0.00412435983537415
2020-01-30 01:00:00,0.004134605102810387
2020-01-30 02:00:00,0.004158458328842423
2020-01-30 03:00:00,0.004154176942527552
2020-01-30 04:00:00,0.004267092283515074
2020-01-30 05:00:00,0.004141461992915734
2020-01-30 06:00:00,0.004174974934134973
2020-01-30 07:00:00,0.004141714829923434
2020-01-30 08:00:00,0.004151338837393906
2020-01-30 09:00:00,0.004138219482360522
2020-01-30 10:00:00,0.004133698670403052
2020-01-30 11:00:00,0.0042430196233016505
2020-01-30 12:00:00,0.004155730094713277
2020-01-30 13:00:00,0.004140888985745614
2020-01-30 14:00:00,0.004213197581782804
2020-01-30 15:00:00,0.0041356902720216
2020-01-30 16:00:00,0.00413638105803027
2020-01-30 17:00:00,0.004132818119882083
2020-01-30 18:00:00,0.026320439544473006
2020-01-30 19:00:00,0.012310746093177456
2020-01-30 20:00:00,0.004146240698393078
2020-01-30 21:00:00,0.004041319492608869
2020-01-30 22:00:00,0.004032267776928953
2020-01-30 23:00:00,0.004752236068548387
2020-01-31 00:00:00,0.004112064466905188
2020-01-31 01:00:00,0.004130405231393775
2020-01-31 02:00:00,0.004152972150206435
2020-01-31 03:00:00,0.0041408431383490475
2020-01-31 04:00:00,0.004158586834393144
2020-01-31 05:00:00,0.004196610322748182
2020-01-31 06:00:00,0.004580495161901481
2020-01-31 07:00:00,0.009816812369089985
2020-01-31 08:00:00,0.00438769840328027
2020-01-31 09:00:00,0.004157841635181976
2020-01-31 10:00:00,0.004276017876455307
2020-01-31 11:00:00,0.004297580545983984
2020-01-31 12:00:00,0.004135041306783251
2020-01-31 13:00:00,0.0041736678734021464
2020-01-31 14:00:00,0.004400070960022926
2020-01-31 15:00:00,0.004202530106034728
2020-01-31 16:00:00,0.00413959813022662
2020-01-31 17:00:00,0.0041391834187089645
2020-01-31 18:00:00,0.004141801029734174
2020-01-31 19:00:00,0.004125513913809178
2020-01-31 20:00:00,0.004107738995231608
2020-01-31 21:00:00,0.004150117383555133
2020-01-31 22:00:00,0.020599891517857145
2020-01-31 23:00:00,0.008023982545491718
2020-02-01 00:00:00,0.004187699557603687
2020-02-01 01:00:00,0.004240642455295736
2020-02-01 07:00:00,0.004284803033766234
2020-02-01 08:00:00,0.004145061517010012
2020-02-01 09:00:00,0.004281965255395683
2020-02-01 10:00:00,0.004158904187354076
2020-02-01 11:00:00,0.004146444806490627
2020-02-01 12:00:00,0.005014501155078945
2020-02-01 13:00:00,0.005825825033019573
2020-02-01 14:00:00,0.005880856401066103
2020-02-01 15:00:00,0.005740660678608939
2020-02-01 16:00:00,0.005015984246515869
2020-02-01 17:00:00,0.00512125123299356
2020-02-01 18:00:00,0.0049932925795053
2020-02-01 19:00:00,0.004835206501292504
2020-02-01 20:00:00,0.004888090999297506
2020-02-01 21:00:00,0.004589722204340405
2020-02-01 22:00:00,0.004594960606705695
2020-02-01 23:00:00,0.0046681491465240645
2020-02-02 00:00:00,0.005732726861903812
2020-02-02 01:00:00,0.0057971391996557665
2020-02-02 02:00:00,0.005803562856927541
2020-02-02 03:00:00,0.005878641497957487
2020-02-02 04:00:00,0.005771266873182305
2020-02-02 05:00:00,0.0050199710379241515
2020-02-02 06:00:00,0.004980257949569103
2020-02-02 07:00:00,0.004969828357942792
2020-02-02 08:00:00,0.004816389032236264
2020-02-02 09:00:00,0.004806952111573898
2020-02-02 10:00:00,0.004857563872636953
2020-02-02 11:00:00,0.004800390579984143
2020-02-02 12:00:00,0.004725476084964859
2020-02-02 13:00:00,0.004946368745217196
2020-02-02 14:00:00,0.005011356631620598
2020-02-02 15:00:00,0.004973735919730429
2020-02-02 16:00:00,0.0050026588381667375
2020-02-02 17:00:00,0.004933331247506234
2020-02-02 18:00:00,0.004777401171548117
2020-02-02 19:00:00,0.004659459929033076
2020-02-02 20:00:00,0.004593770589546191
2020-02-02 21:00:00,0.004497283698959167
2020-02-02 22:00:00,0.004582712655351766
2020-02-02 23:00:00,0.004593014082313681
2020-02-03 00:00:00,0.0057287379916897505
2020-02-03 01:00:00,0.005809370267880777
2020-02-03 02:00:00,0.005799338499380932
2020-02-03 03:00:00,0.0058179014237646235
2020-02-03 04:00:00,0.005803527340029296
2020-02-03 05:00:00,0.005320264049021918
2020-02-03 06:00:00,0.005034932002097169
2020-02-03 07:00:00,0.005047236385318669
2020-02-03 08:00:00,0.0050303868017044775
2020-02-03 09:00:00,0.005022826123774789
2020-02-03 10:00:00,0.005198419134702781
2020-02-03 11:00:00,0.005059207653225288
2020-02-03 12:00:00,0.005302895448743518
2020-02-03 13:00:00,0.005889600848956048
2020-02-03 14:00:00,0.005451815284886979
2020-02-03 15:00:00,0.005449826875540725
2020-02-03 16:00:00,0.005475032124588504
2020-02-03 17:00:00,0.005473423871752119
2020-02-03 18:00:00,0.005287463230472517
2020-02-03 19:00:00,0.00513753043519847
2020-02-03 20:00:00,0.004900737140703517
2020-02-03 21:00:00,0.004773015920303605
2020-02-03 22:00:00,0.005139320448392555
2020-02-03 23:00:00,0.005047103546951491
2020-02-04 00:00:00,0.00579148518831087
2020-02-04 01:00:00,0.0057133956787283
2020-02-04 02:00:00,0.005707449146114216
2020-02-04 03:00:00,0.005710661775448455
2020-02-04 04:00:00,0.005441280994879298
2020-02-04 05:00:00,0.005431758228334812
2020-02-04 06:00:00,0.005337700551735992
2020-02-04 13:00:00,0.005578841838137317
2020-02-04 14:00:00,0.004514327709019553
2020-02-04 15:00:00,0.004532546104680065
2020-02-04 16:00:00,0.004666468517363572
2020-02-04 17:00:00,0.006425521406362114
2020-02-04 18:00:00,0.009638219484491516
2020-02-04 19:00:00,0.004448168341906721
2020-02-04 20:00:00,0.004498657133333334
2020-02-04 21:00:00,0.004226961206264579
2020-02-04 22:00:00,0.005315439819494585
2020-02-04 23:00:00,0.004542271798927614
2020-02-05 00:00:00,0.005899658823529412
2020-02-05 01:00:00,0.005707330832269051
2020-02-05 02:00:00,0.005673552567712045
2020-02-05 03:00:00,0.005706874134715626
2020-02-05 04:00:00,0.0057392812878738295
2020-02-05 05:00:00,0.0057629381927175845
2020-02-05 06:00:00,0.005602224730817517
2020-02-05 07:00:00,0.005464756170086484
2020-02-05 08:00:00,0.005275909102937701
2020-02-05 09:00:00,0.005302950704301491
2020-02-05 10:00:00,0.005279460429746836
2020-02-05 11:00:00,0.0052328954693177925
2020-02-05 12:00:00,0.0052293500546377
2020-02-05 13:00:00,0.0052331896133757955
2020-02-05 14:00:00,0.005396035323155558
2020-02-05 15:00:00,0.01131206471822584
2020-02-05 16:00:00,0.005305508371314628
2020-02-05 17:00:00,0.005442564207133347
2020-02-05 18:00:00,0.028025001105990783
2020-02-05 19:00:00,0.004632247426256077
2020-02-05 20:00:00,0.004413192458003952
2020-02-05 21:00:00,0.004890823845915842
2020-02-05 22:00:00,0.0043282146912
2020-02-05 23:00:00,0.004892919050459856
2020-02-06 00:00:00,0.005770188423076923
2020-02-06 01:00:00,0.005668604826631601
2020-02-06 02:00:00,0.005618015130146711
2020-02-06 03:00:00,0.005672636379259838
2020-02-06 04:00:00,0.005685104836545629
2020-02-06 05:00:00,0.0057029270167161744
2020-02-06 06:00:00,0.005517899416823999
2020-02-06 07:00:00,0.0053112949471277515
2020-02-06 08:00:00,0.005251320711431976
2020-02-06 09:00:00,0.005468376918537709
2020-02-06 10:00:00,0.005287217526911786
2020-02-06 11:00:00,0.005379850928196147
2020-02-06 12:00:00,0.005233231553617937
2020-02-06 13:00:00,0.005093142795012704
2020-02-06 14:00:00,0.005115483643749615
2020-02-06 15:00:00,0.00517249203882168
2020-02-06 16:00:00,0.005103261493189264
2020-02-06 17:00:00,0.004984993835690641
2020-02-06 18:00:00,0.0045410507095843475
2020-02-06 19:00:00,0.004393560346377578
2020-02-06 20:00:00,0.004296214648152015
2020-02-06 21:00:00,0.004196989894709134
2020-02-06 22:00:00,0.004210548851030111
2020-02-06 23:00:00,0.004248903513205829
2020-02-07 00:00:00,0.005840331093535075
2020-02-07 01:00:00,0.005592243592673083
2020-02-07 02:00:00,0.005662459350821535
2020-02-07 03:00:00,0.005689357944773732
2020-02-07 04:00:00,0.005624785704451813
2020-02-07 05:00:00,0.005664330464756003
2020-02-07 06:00:00,0.005556869338537884
2020-02-07 07:00:00,0.005132005014397367
2020-02-07 08:00:00,0.00516001635426009
2020-02-07 09:00:00,0.005043832369295331
2020-02-07 10:00:00,0.0050848857289960215
2020-02-07 11:00:00,0.0051416998517940715
2020-02-07 12:00:00,0.0051437516643159376
2020-02-07 13:00:00,0.00516827220968288
2020-02-07 14:00:00,0.005278676253754984
2020-02-07 15:00:00,0.00532247794389326
2020-02-07 16:00:00,0.005185994587670136
2020-02-07 17:00:00,0.004998427802068641
2020-02-07 18:00:00,0.005044214945763706
2020-02-07 19:00:00,0.004876740119949495
2020-02-07 20:00:00,0.004733913822894169
2020-02-07 21:00:00,0.00445016100915162
2020-02-07 22:00:00,0.004617830504789024
2020-02-07 23:00:00,0.004370890275663444
2020-02-08 00:00:00,0.005767390883983791
2020-02-08 01:00:00,0.00592266803240464
2020-02-08 02:00:00,0.005802988856890546
2020-02-08 03:00:00,0.005860500540112679
2020-02-08 04:00:00,0.005806394223067296
2020-02-08 05:00:00,0.005810028452929232
2020-02-08 06:00:00,0.005797787064532783
2020-02-08 07:00:00,0.005797513449201925
2020-02-08 08:00:00,0.0058131005085195605
2020-02-08 09:00:00,0.005516282506362113
2020-02-08 10:00:00,0.005621804881719135
2020-02-08 11:00:00,0.0051499566357484546
2020-02-08 12:00:00,0.005155145025050389
2020-02-08 13:00:00,0.0050088068745876265
2020-02-08 14:00:00,0.005043317509052889
2020-02-08 15:00:00,0.00508241999113917
2020-02-08 16:00:00,0.0054981717375419265
2020-02-08 17:00:00,0.005131574690037631
2020-02-08 18:00:00,0.004990337409066948
2020-02-08 19:00:00,0.004874543818663137
2020-02-08 20:00:00,0.0046402767757601346
2020-02-08 21:00:00,0.004562431882747934
2020-02-08 22:00:00,0.004544281846457664
2020-02-08 23:00:00,0.004352222266344888
2020-02-09 00:00:00,0.005680423447420636
2020-02-09 01:00:00,0.005913375795334039
2020-02-09 02:00:00,0.005808490254430958
2020-02-09 03:00:00,0.005821549855322931
2020-02-09 04:00:00,0.005824299788183404
2020-02-09 05:00:00,0.005795342527946873
2020-02-09 06:00:00,0.005791593196913404
2020-02-09 07:00:00,0.005819258468055874
2020-02-09 08:00:00,0.005792231109616285
2020-02-09 09:00:00,0.005797903606984224
2020-02-09 10:00:00,0.005440196206384999
2020-02-09 11:00:00,0.005110379010752688
2020-02-09 12:00:00,0.0051044861170720076
2020-02-09 13:00:00,0.005152571647118818
2020-02-09 14:00:00,0.005193469578074508
2020-02-09 15:00:00,0.005225523878627968
2020-02-09 16:00:00,0.005142628423796217
2020-02-09 17:00:00,0.0050673333408743845
2020-02-09 18:00:00,0.004956594973833567
2020-02-09 19:00:00,0.004811306661225515
2020-02-09 20:00:00,0.004631673805242012
2020-02-09 21:00:00,0.004469081675675676
2020-02-09 22:00:00,0.004974093804269609
2020-02-09 23:00:00,0.004642736475261828
2020-02-10 00:00:00,0.005707676468882876
2020-02-10 01:00:00,0.0057948170431485636
2020-02-10 02:00:00,0.005801966788182232
2020-02-10 03:00:00,0.005816427687582938
2020-02-10 04:00:00,0.0058067621907185755
2020-02-10 05:00:00,0.005799299464899811
2020-02-10 06:00:00,0.005891935076857589
2020-02-10 07:00:00,0.005795336256603428
2020-02-10 08:00:00,0.005751245455964615
2020-02-10 09:00:00,0.005113704581031546
2020-02-10 10:00:00,0.005128162504468617
2020-02-10 11:00:00,0.005152379001837413
2020-02-10 12:00:00,0.005086530062158131
2020-02-10 13:00:00,0.005052255162182662
2020-02-10 14:00:00,0.004921591441356359
2020-02-10 15:00:00,0.005081497579927913
2020-02-10 16:00:00,0.005053735288929587
2020-02-10 17:00:00,0.004968647116803647
2020-02-10 18:00:00,0.14668815923913042
2020-02-10 19:00:00,0.004801202197226254
2020-02-10 20:00:00,0.004476338152133581
2020-02-10 21:00:00,0.005303380389354362
2020-02-10 22:00:00,0.004375265503472223
2020-02-10 23:00:00,0.004450760846840886
2020-02-11 00:00:00,0.006007466546033821
2020-02-11 01:00:00,0.0057649974926679394
2020-02-11 02:00:00,0.005639037136140802
2020-02-11 03:00:00,0.005644014035550863
2020-02-11 04:00:00,0.005632762884396546
2020-02-11 05:00:00,0.005631311272491256
2020-02-11 06:00:00,0.005629427625054058
2020-02-11 07:00:00,0.005103279604344812
2020-02-11 08:00:00,0.00788440133152174
2020-02-11 09:00:00,0.004986474901547117
2020-02-11 10:00:00,0.004987453930762891
2020-02-11 11:00:00,0.0049958456251846224
2020-02-11 12:00:00,0.005324711843676863
2020-02-11 13:00:00,0.005103351485346018
2020-02-11 14:00:00,0.004841496991991587
2020-02-11 15:00:00,0.004774527117215616
2020-02-11 16:00:00,0.004636844025104603
2020-02-11 17:00:00,0.0044574569913253545
2020-02-11 18:00:00,0.004360840518930184
2020-02-11 19:00:00,0.0046585054792217155
2020-02-11 20:00:00,0.004564696797475842
2020-02-11 21:00:00,0.004415276423095352
2020-02-11 22:00:00,0.004293976791026579
2020-02-11 23:00:00,0.004389755527253295
2020-02-12 00:00:00,0.005615855308946672
2020-02-12 01:00:00,0.0056487957092729475
2020-02-12 02:00:00,0.0056697282111535866
2020-02-12 03:00:00,0.005515585157428387
2020-02-12 04:00:00,0.00552599441589677
2020-02-12 05:00:00,0.005618975049798773
2020-02-12 06:00:00,0.006435335027100868
2020-02-12 07:00:00,0.00513170683658356
2020-02-12 08:00:00,0.005099829871436557
2020-02-12 09:00:00,0.0043209200200121
2020-02-12 10:00:00,0.004542650073345006
2020-02-12 11:00:00,0.004905262794571252
2020-02-12 12:00:00,0.004923157959732638
2020-02-12 13:00:00,0.004546332917443085
2020-02-12 14:00:00,0.003971856992113836
2020-02-12 15:00:00,0.003990904039482961
2020-02-12 16:00:00,0.0036640137090163936
2020-02-12 17:00:00,0.003727201528635962
2020-02-12 18:00:00,0.003730635318056961
2020-02-12 19:00:00,0.003801338111762594
2020-02-12 20:00:00,0.004767793111069837
2020-02-12 21:00:00,0.007640629732754682
2020-02-12 22:00:00,0.006014216274418605
2020-02-12 23:00:00,0.0054304017972871136
2020-02-13 00:00:00,0.005721201962421712
2020-02-13 01:00:00,0.003978688289708916
2020-02-13 02:00:00,0.0039460328151144294
2020-02-13 03:00:00,0.003914964622644795
2020-02-13 04:00:00,0.004038889012082985
2020-02-13 05:00:00,0.003971466384546759
2020-02-13 06:00:00,0.004007042069244241
