consensus_timestamp,transaction_id,account,amount,is_approval
2023-10-15T19:01:15.071467,0.0.3867483-1697374865-027597003,0.0.19,0.00009446,False
2023-10-15T19:01:15.071467,0.0.3867483-1697374865-027597003,0.0.70,0.00100000,False
2023-10-15T19:01:15.071467,0.0.3867483-1697374865-027597003,0.0.98,0.00198933,False
2023-10-15T19:01:15.071467,0.0.3867483-1697374865-027597003,0.0.800,0.00022103,False
2023-10-15T19:01:15.071467,0.0.3867483-1697374865-027597003,0.0.1199109,0.00100000,False
2023-10-15T19:01:15.071467,0.0.3867483-1697374865-027597003,0.0.1269586,0.00100000,False
2023-10-15T19:01:15.071467,0.0.3867483-1697374865-027597003,0.0.1465065,0.00100000,False
2023-10-15T19:01:15.071467,0.0.3867483-1697374865-027597003,0.0.1725962,0.00100000,False
2023-10-15T19:01:15.071467,0.0.3867483-1697374865-027597003,0.0.1867023,0.00100000,False
2023-10-15T19:01:15.071467,0.0.3867483-1697374865-027597003,0.0.1867054,0.00100000,False
2023-10-15T19:01:15.071467,0.0.3867483-1697374865-027597003,0.0.2939294,0.00100000,False
2023-10-15T19:01:15.071467,0.0.3867483-1697374865-027597003,0.0.3867483,-0.01130482,False
2023-10-15T19:01:15.071467,0.0.3867483-1697374865-027597003,0.0.3910142,0.00100000,False
2023-10-15T19:00:06.589967,0.0.70-1697374800-000000000,0.0.4,0.00119558,False
2023-10-15T19:00:06.589967,0.0.70-1697374800-000000000,0.0.70,"-6,132,131.26863627",False
2023-10-15T19:00:06.589967,0.0.70-1697374800-000000000,0.0.98,0.00669663,False
2023-10-15T19:00:06.589967,0.0.70-1697374800-000000000,0.0.800,0.00074406,False
2023-10-15T19:00:06.589967,0.0.70-1697374800-000000000,0.0.11219,"6,132,131.26000000",False
2023-10-06T03:50:06.492042,0.0.70-1696542600-000160000,0.0.4,0.00116201,False
2023-10-06T03:50:06.492042,0.0.70-1696542600-000160000,0.0.70,"-127,161.46926146",False
2023-10-06T03:50:06.492042,0.0.70-1696542600-000160000,0.0.98,0.00534442,False
2023-10-06T03:50:06.492042,0.0.70-1696542600-000160000,0.0.800,0.00059382,False
2023-10-06T03:50:06.492042,0.0.70-1696542600-000160000,0.0.3312814,"127,161.46216121",False
2023-10-06T03:50:06.492041,0.0.70-1696542600-000100000,0.0.4,0.00116201,False
2023-10-06T03:50:06.492041,0.0.70-1696542600-000100000,0.0.70,"-187,097.02247515",False
2023-10-06T03:50:06.492041,0.0.70-1696542600-000100000,0.0.98,0.00534442,False
2023-10-06T03:50:06.492041,0.0.70-1696542600-000100000,0.0.800,-0.25839601,False
2023-10-06T03:50:06.492041,0.0.70-1696542600-000100000,0.0.1730897,"187,097.27436473",False
2023-10-06T03:50:06.492040,0.0.70-1696542600-000120000,0.0.4,0.00116201,False
2023-10-06T03:50:06.492040,0.0.70-1696542600-000120000,0.0.70,"-82,790.32307084",False
2023-10-06T03:50:06.492040,0.0.70-1696542600-000120000,0.0.98,0.00534442,False
2023-10-06T03:50:06.492040,0.0.70-1696542600-000120000,0.0.800,-926.70893263,False
2023-10-06T03:50:06.492040,0.0.70-1696542600-000120000,0.0.1739336,"83,717.02549704",False
2023-10-06T03:50:06.492039,0.0.70-1696542600-000150000,0.0.4,0.00116201,False
2023-10-06T03:50:06.492039,0.0.70-1696542600-000150000,0.0.70,"-875,435.94808591",False
2023-10-06T03:50:06.492039,0.0.70-1696542600-000150000,0.0.98,0.00534442,False
2023-10-06T03:50:06.492039,0.0.70-1696542600-000150000,0.0.800,-0.56404145,False
2023-10-06T03:50:06.492039,0.0.70-1696542600-000150000,0.0.3300852,"875,436.50562093",False
2023-10-06T03:50:06.492038,0.0.70-1696542600-000140000,0.0.4,0.00116201,False
2023-10-06T03:50:06.492038,0.0.70-1696542600-000140000,0.0.70,"-1,616,127.20772161",False
2023-10-06T03:50:06.492038,0.0.70-1696542600-000140000,0.0.98,0.00534442,False
2023-10-06T03:50:06.492038,0.0.70-1696542600-000140000,0.0.800,0.00059382,False
2023-10-06T03:50:06.492038,0.0.70-1696542600-000140000,0.0.1775446,"1,616,127.20062136",False
2023-10-06T03:50:06.492037,0.0.70-1696542600-000070000,0.0.4,0.00116201,False
2023-10-06T03:50:06.492037,0.0.70-1696542600-000070000,0.0.70,"-480,532.10241232",False
2023-10-06T03:50:06.492037,0.0.70-1696542600-000070000,0.0.98,0.00534442,False
2023-10-06T03:50:06.492037,0.0.70-1696542600-000070000,0.0.800,0.00059382,False
2023-10-06T03:50:06.492037,0.0.70-1696542600-000070000,0.0.1261680,"480,532.09531207",False
2023-10-06T03:50:06.492036,0.0.70-1696542600-000000000,0.0.4,0.00116201,False
2023-10-06T03:50:06.492036,0.0.70-1696542600-000000000,0.0.70,"-18,368,233.11784485",False
2023-10-06T03:50:06.492036,0.0.70-1696542600-000000000,0.0.72,"18,368,233.11074460",False
2023-10-06T03:50:06.492036,0.0.70-1696542600-000000000,0.0.98,0.00534442,False
2023-10-06T03:50:06.492036,0.0.70-1696542600-000000000,0.0.800,0.00059382,False
2023-10-06T03:50:06.336451,0.0.70-1696542600-000060000,0.0.4,0.00116201,False
2023-10-06T03:50:06.336451,0.0.70-1696542600-000060000,0.0.70,"-5,025,452.62714672",False
2023-10-06T03:50:06.336451,0.0.70-1696542600-000060000,0.0.98,0.00534442,False
2023-10-06T03:50:06.336451,0.0.70-1696542600-000060000,0.0.800,0.00059382,False
2023-10-06T03:50:06.336451,0.0.70-1696542600-000060000,0.0.46450,"5,025,452.62004647",False
2023-10-06T03:50:06.336450,0.0.70-1696542600-000090000,0.0.4,0.00116201,False
2023-10-06T03:50:06.336450,0.0.70-1696542600-000090000,0.0.70,"-579,827.68654301",False
2023-10-06T03:50:06.336450,0.0.70-1696542600-000090000,0.0.98,0.00534442,False
2023-10-06T03:50:06.336450,0.0.70-1696542600-000090000,0.0.800,"-4,748.67959030",False
2023-10-06T03:50:06.336450,0.0.70-1696542600-000090000,0.0.1693502,"584,576.35962688",False
2023-10-06T03:50:06.336449,0.0.70-1696542600-000130000,0.0.4,0.00116201,False
2023-10-06T03:50:06.336449,0.0.70-1696542600-000130000,0.0.70,"-2,821,519.87543415",False
2023-10-06T03:50:06.336449,0.0.70-1696542600-000130000,0.0.98,0.00534442,False
2023-10-06T03:50:06.336449,0.0.70-1696542600-000130000,0.0.800,0.00059382,False
2023-10-06T03:50:06.336449,0.0.70-1696542600-000130000,0.0.1772960,"2,821,519.86833390",False
2023-10-06T03:50:06.336448,0.0.70-1696542600-000080000,0.0.4,0.00116201,False
2023-10-06T03:50:06.336448,0.0.70-1696542600-000080000,0.0.70,"-107,489.65331274",False
2023-10-06T03:50:06.336448,0.0.70-1696542600-000080000,0.0.98,0.00534442,False
2023-10-06T03:50:06.336448,0.0.70-1696542600-000080000,0.0.800,0.00059382,False
2023-10-06T03:50:06.336448,0.0.70-1696542600-000080000,0.0.1588047,"107,489.64621249",False
2023-10-06T03:50:06.336446,0.0.70-1696542600-000010000,0.0.4,0.00116201,False
2023-10-06T03:50:06.336446,0.0.70-1696542600-000010000,0.0.70,"-3,939,133.78516002",False
2023-10-06T03:50:06.336446,0.0.70-1696542600-000010000,0.0.98,0.00534442,False
2023-10-06T03:50:06.336446,0.0.70-1696542600-000010000,0.0.800,"-16,245.00637498",False
2023-10-06T03:50:06.336446,0.0.70-1696542600-000010000,0.0.3452,"3,955,378.78502857",False
2023-10-06T03:50:06.336445,0.0.70-1696542600-000040000,0.0.4,0.00116201,False
2023-10-06T03:50:06.336445,0.0.70-1696542600-000040000,0.0.70,"-160,066.04528982",False
2023-10-06T03:50:06.336445,0.0.70-1696542600-000040000,0.0.98,0.00534442,False
2023-10-06T03:50:06.336445,0.0.70-1696542600-000040000,0.0.800,0.00059382,False
2023-10-06T03:50:06.336445,0.0.70-1696542600-000040000,0.0.13717,"160,066.03818957",False
2023-10-06T03:50:06.336443,0.0.70-1696542600-000020000,0.0.4,0.00116201,False
2023-10-06T03:50:06.336443,0.0.70-1696542600-000020000,0.0.70,"-2,605,568.74391045",False
2023-10-06T03:50:06.336443,0.0.70-1696542600-000020000,0.0.98,0.00534442,False
2023-10-06T03:50:06.336443,0.0.70-1696542600-000020000,0.0.800,0.00059382,False
2023-10-06T03:50:06.336443,0.0.70-1696542600-000020000,0.0.11219,"2,605,568.73681020",False
2023-10-06T03:50:06.336442,0.0.70-1696542600-000030000,0.0.4,0.00116201,False
2023-10-06T03:50:06.336442,0.0.70-1696542600-000030000,0.0.70,"-3,698,869.19750612",False
2023-10-06T03:50:06.336442,0.0.70-1696542600-000030000,0.0.98,0.00534442,False
2023-10-06T03:50:06.336442,0.0.70-1696542600-000030000,0.0.800,0.00059382,False
2023-10-06T03:50:06.336442,0.0.70-1696542600-000030000,0.0.13283,"3,698,869.19040587",False
2023-10-06T03:50:06.336441,0.0.70-1696542600-000050000,0.0.4,0.00116201,False
2023-10-06T03:50:06.336441,0.0.70-1696542600-000050000,0.0.70,"-220,497.88788923",False
2023-10-06T03:50:06.336441,0.0.70-1696542600-000050000,0.0.98,0.00534442,False
2023-10-06T03:50:06.336441,0.0.70-1696542600-000050000,0.0.800,"-3,529.79664595",False
2023-10-06T03:50:06.336441,0.0.70-1696542600-000050000,0.0.41766,"224,027.67802875",False
2023-10-06T03:50:06.336440,0.0.70-1696542600-000110000,0.0.4,0.00116201,False
2023-10-06T03:50:06.336440,0.0.70-1696542600-000110000,0.0.70,"-46,039.60360310",False
2023-10-06T03:50:06.336440,0.0.70-1696542600-000110000,0.0.98,0.00534442,False
2023-10-06T03:50:06.336440,0.0.70-1696542600-000110000,0.0.800,-212.19897402,False
2023-10-06T03:50:06.336440,0.0.70-1696542600-000110000,0.0.1735429,"46,251.79607069",False
2023-10-06T03:50:06.336439,0.0.70-1696542600-000170000,0.0.4,0.00116201,False
2023-10-06T03:50:06.336439,0.0.70-1696542600-000170000,0.0.70,"-136,767.82945775",False
2023-10-06T03:50:06.336439,0.0.70-1696542600-000170000,0.0.98,0.00534442,False
2023-10-06T03:50:06.336439,0.0.70-1696542600-000170000,0.0.800,0.00059382,False
2023-10-06T03:50:06.336439,0.0.70-1696542600-000170000,0.0.3327051,"136,767.82235750",False
2023-09-30T22:05:06.264622,0.0.70-1696089900-000010000,0.0.4,0.00111939,False
2023-09-30T22:05:06.264622,0.0.70-1696089900-000010000,0.0.70,"-16,625,000.00684036",False
2023-09-30T22:05:06.264622,0.0.70-1696089900-000010000,0.0.98,0.00515131,False
2023-09-30T22:05:06.264622,0.0.70-1696089900-000010000,0.0.800,0.00057236,False
2023-09-30T22:05:06.264622,0.0.70-1696089900-000010000,0.0.54896,"16,624,999.99999730",False
2023-09-30T22:05:06.083935,0.0.70-1696089900-000000000,0.0.4,0.00111939,False
2023-09-30T22:05:06.083935,0.0.70-1696089900-000000000,0.0.70,"-16,625,000.00684036",False
2023-09-30T22:05:06.083935,0.0.70-1696089900-000000000,0.0.98,0.00515131,False
2023-09-30T22:05:06.083935,0.0.70-1696089900-000000000,0.0.800,0.00057236,False
2023-09-30T22:05:06.083935,0.0.70-1696089900-000000000,0.0.54796,"16,624,999.99999730",False
2023-09-30T22:03:06.355071,0.0.70-1696089780-000000000,0.0.4,0.00111917,False
2023-09-30T22:03:06.355071,0.0.70-1696089780-000000000,0.0.70,"-25,041,666.67349848",False
2023-09-30T22:03:06.355071,0.0.70-1696089780-000000000,0.0.98,0.00514738,False
2023-09-30T22:03:06.355071,0.0.70-1696089780-000000000,0.0.800,0.00057193,False
2023-09-30T22:03:06.355071,0.0.70-1696089780-000000000,0.0.54795,"25,041,666.66666000",False
2023-09-30T22:03:06.355069,0.0.70-1696089780-000010000,0.0.4,0.00111917,False
2023-09-30T22:03:06.355069,0.0.70-1696089780-000010000,0.0.70,"-25,041,666.67349848",False
2023-09-30T22:03:06.355069,0.0.70-1696089780-000010000,0.0.98,0.00514738,False
2023-09-30T22:03:06.355069,0.0.70-1696089780-000010000,0.0.800,0.00057193,False
2023-09-30T22:03:06.355069,0.0.70-1696089780-000010000,0.0.54895,"25,041,666.66666000",False
2023-09-05T22:00:06.604395,0.0.70-1693929600-000000000,0.0.4,0.00114416,False
2023-09-05T22:00:06.604395,0.0.70-1693929600-000000000,0.0.70,"-5,059,284.31575044",False
2023-09-05T22:00:06.604395,0.0.70-1693929600-000000000,0.0.72,"5,059,284.30875926",False
2023-09-05T22:00:06.604395,0.0.70-1693929600-000000000,0.0.98,0.00584702,False
2023-09-05T22:00:06.604394,0.0.70-1693929600-000040000,0.0.4,0.00114416,False
2023-09-05T22:00:06.604394,0.0.70-1693929600-000040000,0.0.70,"-223,262.83235491",False
2023-09-05T22:00:06.604394,0.0.70-1693929600-000040000,0.0.98,0.00584702,False
2023-09-05T22:00:06.604394,0.0.70-1693929600-000040000,0.0.800,"-3,969.28376359",False
2023-09-05T22:00:06.604394,0.0.70-1693929600-000040000,0.0.41766,"227,232.10912732",False
2023-09-05T22:00:06.604383,0.0.70-1693929600-000050000,0.0.4,0.00114416,False
2023-09-05T22:00:06.604383,0.0.70-1693929600-000050000,0.0.70,"-2,686,311.93192034",False
2023-09-05T22:00:06.604383,0.0.70-1693929600-000050000,0.0.98,0.00584702,False
2023-09-05T22:00:06.604383,0.0.70-1693929600-000050000,0.0.46450,"2,686,311.92492916",False
2023-09-05T22:00:06.604382,0.0.70-1693929600-000010000,0.0.4,0.00114416,False
2023-09-05T22:00:06.604382,0.0.70-1693929600-000010000,0.0.70,"-994,936.74956781",False
2023-09-05T22:00:06.604382,0.0.70-1693929600-000010000,0.0.98,0.00584702,False
2023-09-05T22:00:06.604382,0.0.70-1693929600-000010000,0.0.11219,"994,936.74257663",False
2023-09-05T22:00:06.604379,0.0.70-1693929600-000020000,0.0.4,0.00114416,False
2023-09-05T22:00:06.604379,0.0.70-1693929600-000020000,0.0.70,"-441,569.37316108",False
2023-09-05T22:00:06.604379,0.0.70-1693929600-000020000,0.0.98,0.00584702,False
2023-09-05T22:00:06.604379,0.0.70-1693929600-000020000,0.0.13283,"441,569.36616990",False
2023-09-05T22:00:06.604378,0.0.70-1693929600-000030000,0.0.4,0.00114416,False
2023-09-05T22:00:06.604378,0.0.70-1693929600-000030000,0.0.70,"-834,591.05919252",False
2023-09-05T22:00:06.604378,0.0.70-1693929600-000030000,0.0.98,0.00584702,False
2023-09-05T22:00:06.604378,0.0.70-1693929600-000030000,0.0.800,"-9,039.31348788",False
2023-09-05T22:00:06.604378,0.0.70-1693929600-000030000,0.0.25226,"843,630.36568922",False
2023-09-01T00:12:05.876577,0.0.70-1693505520-000010000,0.0.4,0.00109472,False
2023-09-01T00:12:05.876577,0.0.70-1693505520-000010000,0.0.70,"-25,041,666.67456775",False
2023-09-01T00:12:05.876577,0.0.70-1693505520-000010000,0.0.98,0.00681303,False
2023-09-01T00:12:05.876577,0.0.70-1693505520-000010000,0.0.54895,"25,041,666.66666000",False
2023-09-01T00:12:05.876567,0.0.70-1693505520-000000000,0.0.4,0.00109472,False
2023-09-01T00:12:05.876567,0.0.70-1693505520-000000000,0.0.70,"-25,041,666.67456775",False
2023-09-01T00:12:05.876567,0.0.70-1693505520-000000000,0.0.98,0.00681303,False
2023-09-01T00:12:05.876567,0.0.70-1693505520-000000000,0.0.54795,"25,041,666.66666000",False
2023-09-01T00:11:06.247855,0.0.70-1693505460-000010000,0.0.4,0.00109494,False
2023-09-01T00:11:06.247855,0.0.70-1693505460-000010000,0.0.70,"-16,625,000.00791223",False
2023-09-01T00:11:06.247855,0.0.70-1693505460-000010000,0.0.98,0.00681729,False
2023-09-01T00:11:06.247855,0.0.70-1693505460-000010000,0.0.54896,"16,625,000.00000000",False
2023-09-01T00:11:06.090581,0.0.70-1693505460-000000000,0.0.4,0.00109494,False
2023-09-01T00:11:06.090581,0.0.70-1693505460-000000000,0.0.70,"-16,625,000.00791223",False
2023-09-01T00:11:06.090581,0.0.70-1693505460-000000000,0.0.98,0.00681729,False
2023-09-01T00:11:06.090581,0.0.70-1693505460-000000000,0.0.54796,"16,625,000.00000000",False
2023-08-31T13:00:07.191356,0.0.450-1693465201-000000000,0.0.4,0.00105231,False
2023-08-31T13:00:07.191356,0.0.450-1693465201-000000000,0.0.70,"350,000,000.00000000",False
2023-08-31T13:00:07.191356,0.0.450-1693465201-000000000,0.0.71,"170,000,000.00000000",False
2023-08-31T13:00:07.191356,0.0.450-1693465201-000000000,0.0.80,"35,000,000.00000000",False
2023-08-31T13:00:07.191356,0.0.450-1693465201-000000000,0.0.81,"340,000,000.00000000",False
2023-08-31T13:00:07.191356,0.0.450-1693465201-000000000,0.0.98,0.00544253,False
2023-08-31T13:00:07.191356,0.0.450-1693465201-000000000,0.0.406,"-100,000,000.00000000",False
2023-08-31T13:00:07.191356,0.0.450-1693465201-000000000,0.0.410,"-400,000,000.00000000",False
2023-08-31T13:00:07.191356,0.0.450-1693465201-000000000,0.0.413,"-200,000,000.00000000",False
2023-08-31T13:00:07.191356,0.0.450-1693465201-000000000,0.0.416,"-195,000,000.00000000",False
2023-08-31T13:00:07.191356,0.0.450-1693465201-000000000,0.0.450,-0.00649484,False
2023-08-14T14:18:00.927617,0.0.3307280-1692001076-445707271,0.0.10,0.00006837,False
2023-08-14T14:18:00.927617,0.0.3307280-1692001076-445707271,0.0.64,0.00000010,False
2023-08-14T14:18:00.927617,0.0.3307280-1692001076-445707271,0.0.65,0.00000010,False
2023-08-14T14:18:00.927617,0.0.3307280-1692001076-445707271,0.0.66,0.00000010,False
2023-08-14T14:18:00.927617,0.0.3307280-1692001076-445707271,0.0.67,0.00000010,False
2023-08-14T14:18:00.927617,0.0.3307280-1692001076-445707271,0.0.68,0.00000010,False
2023-08-14T14:18:00.927617,0.0.3307280-1692001076-445707271,0.0.69,0.00000010,False
2023-08-14T14:18:00.927617,0.0.3307280-1692001076-445707271,0.0.70,0.00000010,False
2023-08-14T14:18:00.927617,0.0.3307280-1692001076-445707271,0.0.71,0.00000010,False
2023-08-14T14:18:00.927617,0.0.3307280-1692001076-445707271,0.0.72,0.00000010,False
2023-08-14T14:18:00.927617,0.0.3307280-1692001076-445707271,0.0.98,0.00159879,False
2023-08-14T14:18:00.927617,0.0.3307280-1692001076-445707271,0.0.3307280,-0.00166806,False
2023-08-14T13:51:01.133926,0.0.3307280-1691999459-601457893,0.0.25,0.00006909,False
2023-08-14T13:51:01.133926,0.0.3307280-1691999459-601457893,0.0.64,0.00000010,False
2023-08-14T13:51:01.133926,0.0.3307280-1691999459-601457893,0.0.65,0.00000010,False
2023-08-14T13:51:01.133926,0.0.3307280-1691999459-601457893,0.0.66,0.00000010,False
2023-08-14T13:51:01.133926,0.0.3307280-1691999459-601457893,0.0.67,0.00000010,False
2023-08-14T13:51:01.133926,0.0.3307280-1691999459-601457893,0.0.68,0.00000010,False
2023-08-14T13:51:01.133926,0.0.3307280-1691999459-601457893,0.0.69,0.00000010,False
2023-08-14T13:51:01.133926,0.0.3307280-1691999459-601457893,0.0.70,0.00000010,False
2023-08-14T13:51:01.133926,0.0.3307280-1691999459-601457893,0.0.71,0.00000010,False
2023-08-14T13:51:01.133926,0.0.3307280-1691999459-601457893,0.0.72,0.00000010,False
2023-08-14T13:51:01.133926,0.0.3307280-1691999459-601457893,0.0.98,0.00161559,False
2023-08-14T13:51:01.133926,0.0.3307280-1691999459-601457893,0.0.3307280,-0.00168558,False
2023-08-14T13:33:27.434976,0.0.3307280-1691998405-904912885,0.0.22,0.00006909,False
2023-08-14T13:33:27.434976,0.0.3307280-1691998405-904912885,0.0.64,0.00000010,False
2023-08-14T13:33:27.434976,0.0.3307280-1691998405-904912885,0.0.65,0.00000010,False
2023-08-14T13:33:27.434976,0.0.3307280-1691998405-904912885,0.0.66,0.00000010,False
2023-08-14T13:33:27.434976,0.0.3307280-1691998405-904912885,0.0.67,0.00000010,False
2023-08-14T13:33:27.434976,0.0.3307280-1691998405-904912885,0.0.68,0.00000010,False
2023-08-14T13:33:27.434976,0.0.3307280-1691998405-904912885,0.0.69,0.00000010,False
2023-08-14T13:33:27.434976,0.0.3307280-1691998405-904912885,0.0.70,0.00000010,False
2023-08-14T13:33:27.434976,0.0.3307280-1691998405-904912885,0.0.71,0.00000010,False
2023-08-14T13:33:27.434976,0.0.3307280-1691998405-904912885,0.0.72,0.00000010,False
2023-08-14T13:33:27.434976,0.0.3307280-1691998405-904912885,0.0.98,0.00161559,False
2023-08-14T13:33:27.434976,0.0.3307280-1691998405-904912885,0.0.3307280,-0.00168558,False
2023-08-14T13:20:20.023958,0.0.3307280-1691997618-391993883,0.0.9,0.00006909,False
2023-08-14T13:20:20.023958,0.0.3307280-1691997618-391993883,0.0.64,0.00000010,False
2023-08-14T13:20:20.023958,0.0.3307280-1691997618-391993883,0.0.65,0.00000010,False
2023-08-14T13:20:20.023958,0.0.3307280-1691997618-391993883,0.0.66,0.00000010,False
2023-08-14T13:20:20.023958,0.0.3307280-1691997618-391993883,0.0.67,0.00000010,False
2023-08-14T13:20:20.023958,0.0.3307280-1691997618-391993883,0.0.68,0.00000010,False
2023-08-14T13:20:20.023958,0.0.3307280-1691997618-391993883,0.0.69,0.00000010,False
2023-08-14T13:20:20.023958,0.0.3307280-1691997618-391993883,0.0.70,0.00000010,False
2023-08-14T13:20:20.023958,0.0.3307280-1691997618-391993883,0.0.71,0.00000010,False
2023-08-14T13:20:20.023958,0.0.3307280-1691997618-391993883,0.0.72,0.00000010,False
2023-08-14T13:20:20.023958,0.0.3307280-1691997618-391993883,0.0.98,0.00161559,False
2023-08-14T13:20:20.023958,0.0.3307280-1691997618-391993883,0.0.3307280,-0.00168558,False
2023-08-14T10:54:18.638478,0.0.3307280-1691988856-863733571,0.0.10,0.00006967,False
2023-08-14T10:54:18.638478,0.0.3307280-1691988856-863733571,0.0.64,0.00000010,False
2023-08-14T10:54:18.638478,0.0.3307280-1691988856-863733571,0.0.65,0.00000010,False
2023-08-14T10:54:18.638478,0.0.3307280-1691988856-863733571,0.0.66,0.00000010,False
2023-08-14T10:54:18.638478,0.0.3307280-1691988856-863733571,0.0.67,0.00000010,False
2023-08-14T10:54:18.638478,0.0.3307280-1691988856-863733571,0.0.68,0.00000010,False
2023-08-14T10:54:18.638478,0.0.3307280-1691988856-863733571,0.0.69,0.00000010,False
2023-08-14T10:54:18.638478,0.0.3307280-1691988856-863733571,0.0.70,0.00000010,False
2023-08-14T10:54:18.638478,0.0.3307280-1691988856-863733571,0.0.71,0.00000010,False
2023-08-14T10:54:18.638478,0.0.3307280-1691988856-863733571,0.0.72,0.00000010,False
2023-08-14T10:54:18.638478,0.0.3307280-1691988856-863733571,0.0.98,0.00162914,False
2023-08-14T10:54:18.638478,0.0.3307280-1691988856-863733571,0.0.3307280,-0.00169971,False
2023-08-14T10:50:32.506302,0.0.3307280-1691988630-146121654,0.0.27,0.00006967,False
2023-08-14T10:50:32.506302,0.0.3307280-1691988630-146121654,0.0.64,0.00000010,False
2023-08-14T10:50:32.506302,0.0.3307280-1691988630-146121654,0.0.65,0.00000010,False
2023-08-14T10:50:32.506302,0.0.3307280-1691988630-146121654,0.0.66,0.00000010,False
2023-08-14T10:50:32.506302,0.0.3307280-1691988630-146121654,0.0.67,0.00000010,False
2023-08-14T10:50:32.506302,0.0.3307280-1691988630-146121654,0.0.68,0.00000010,False
2023-08-14T10:50:32.506302,0.0.3307280-1691988630-146121654,0.0.69,0.00000010,False
2023-08-14T10:50:32.506302,0.0.3307280-1691988630-146121654,0.0.70,0.00000010,False
2023-08-14T10:50:32.506302,0.0.3307280-1691988630-146121654,0.0.71,0.00000010,False
2023-08-14T10:50:32.506302,0.0.3307280-1691988630-146121654,0.0.72,0.00000010,False
2023-08-14T10:50:32.506302,0.0.3307280-1691988630-146121654,0.0.98,0.00162914,False
2023-08-14T10:50:32.506302,0.0.3307280-1691988630-146121654,0.0.3307280,-0.00169971,False
2023-08-13T01:57:44.090914,0.0.2247604-1691870259-461037530,0.0.10,0.00007840,False
2023-08-13T01:57:44.090914,0.0.2247604-1691870259-461037530,0.0.64,0.00000010,False
2023-08-13T01:57:44.090914,0.0.2247604-1691870259-461037530,0.0.65,0.00000010,False
2023-08-13T01:57:44.090914,0.0.2247604-1691870259-461037530,0.0.66,0.00000010,False
2023-08-13T01:57:44.090914,0.0.2247604-1691870259-461037530,0.0.67,0.00000010,False
2023-08-13T01:57:44.090914,0.0.2247604-1691870259-461037530,0.0.68,0.00000010,False
2023-08-13T01:57:44.090914,0.0.2247604-1691870259-461037530,0.0.69,0.00000010,False
2023-08-13T01:57:44.090914,0.0.2247604-1691870259-461037530,0.0.70,0.00000010,False
2023-08-13T01:57:44.090914,0.0.2247604-1691870259-461037530,0.0.71,0.00000010,False
2023-08-13T01:57:44.090914,0.0.2247604-1691870259-461037530,0.0.72,0.00000010,False
2023-08-13T01:57:44.090914,0.0.2247604-1691870259-461037530,0.0.98,0.00183346,False
2023-08-13T01:57:44.090914,0.0.2247604-1691870259-461037530,0.0.2247604,-0.00191276,False
2023-08-13T01:47:22.127871,0.0.2247604-1691869636-930281012,0.0.11,0.00007840,False
2023-08-13T01:47:22.127871,0.0.2247604-1691869636-930281012,0.0.64,0.00000010,False
2023-08-13T01:47:22.127871,0.0.2247604-1691869636-930281012,0.0.65,0.00000010,False
2023-08-13T01:47:22.127871,0.0.2247604-1691869636-930281012,0.0.66,0.00000010,False
2023-08-13T01:47:22.127871,0.0.2247604-1691869636-930281012,0.0.67,0.00000010,False
2023-08-13T01:47:22.127871,0.0.2247604-1691869636-930281012,0.0.68,0.00000010,False
2023-08-13T01:47:22.127871,0.0.2247604-1691869636-930281012,0.0.69,0.00000010,False
2023-08-13T01:47:22.127871,0.0.2247604-1691869636-930281012,0.0.70,0.00000010,False
2023-08-13T01:47:22.127871,0.0.2247604-1691869636-930281012,0.0.71,0.00000010,False
2023-08-13T01:47:22.127871,0.0.2247604-1691869636-930281012,0.0.72,0.00000010,False
2023-08-13T01:47:22.127871,0.0.2247604-1691869636-930281012,0.0.98,0.00183346,False
2023-08-13T01:47:22.127871,0.0.2247604-1691869636-930281012,0.0.2247604,-0.00191276,False
2023-08-13T01:38:45.479106,0.0.2247604-1691869121-938454253,0.0.18,0.00007800,False
2023-08-13T01:38:45.479106,0.0.2247604-1691869121-938454253,0.0.64,0.00000010,False
2023-08-13T01:38:45.479106,0.0.2247604-1691869121-938454253,0.0.65,0.00000010,False
2023-08-13T01:38:45.479106,0.0.2247604-1691869121-938454253,0.0.66,0.00000010,False
2023-08-13T01:38:45.479106,0.0.2247604-1691869121-938454253,0.0.67,0.00000010,False
2023-08-13T01:38:45.479106,0.0.2247604-1691869121-938454253,0.0.68,0.00000010,False
2023-08-13T01:38:45.479106,0.0.2247604-1691869121-938454253,0.0.69,0.00000010,False
2023-08-13T01:38:45.479106,0.0.2247604-1691869121-938454253,0.0.70,0.00000010,False
2023-08-13T01:38:45.479106,0.0.2247604-1691869121-938454253,0.0.71,0.00000010,False
2023-08-13T01:38:45.479106,0.0.2247604-1691869121-938454253,0.0.72,0.00000010,False
2023-08-13T01:38:45.479106,0.0.2247604-1691869121-938454253,0.0.98,0.00182535,False
2023-08-13T01:38:45.479106,0.0.2247604-1691869121-938454253,0.0.2247604,-0.00190425,False
2023-08-05T19:00:11.120313,0.0.70-1691240400-000000000,0.0.17,0.00107717,False
2023-08-05T19:00:11.120313,0.0.70-1691240400-000000000,0.0.70,-0.00748976,False
2023-08-05T19:00:11.120313,0.0.70-1691240400-000000000,0.0.98,0.00641259,False
2023-08-05T19:00:11.120312,0.0.70-1691240400-000010000,0.0.17,0.00107717,False
2023-08-05T19:00:11.120312,0.0.70-1691240400-000010000,0.0.70,-0.00748976,False
2023-08-05T19:00:11.120312,0.0.70-1691240400-000010000,0.0.98,0.00641259,False
2023-08-05T19:00:11.120309,0.0.70-1691240400-000040000,0.0.17,0.00107717,False
2023-08-05T19:00:11.120309,0.0.70-1691240400-000040000,0.0.70,-0.00748976,False
2023-08-05T19:00:11.120309,0.0.70-1691240400-000040000,0.0.98,0.00641259,False
2023-08-05T19:00:11.120308,0.0.70-1691240400-000030000,0.0.17,0.00107717,False
2023-08-05T19:00:11.120308,0.0.70-1691240400-000030000,0.0.70,-0.00748976,False
2023-08-05T19:00:11.120308,0.0.70-1691240400-000030000,0.0.98,0.00641259,False
2023-08-05T19:00:11.120306,0.0.70-1691240400-000050000,0.0.17,0.00107717,False
2023-08-05T19:00:11.120306,0.0.70-1691240400-000050000,0.0.70,-0.00748976,False
2023-08-05T19:00:11.120306,0.0.70-1691240400-000050000,0.0.98,0.00641259,False
2023-08-05T19:00:11.120305,0.0.70-1691240400-000020000,0.0.17,0.00107717,False
2023-08-05T19:00:11.120305,0.0.70-1691240400-000020000,0.0.70,-0.00748976,False
2023-08-05T19:00:11.120305,0.0.70-1691240400-000020000,0.0.98,0.00641259,False
2023-08-05T19:00:06.406575,0.0.70-1691240400-000000000,0.0.4,0.00107717,False
2023-08-05T19:00:06.406575,0.0.70-1691240400-000000000,0.0.70,"-4,913,500.00778094",False
2023-08-05T19:00:06.406575,0.0.70-1691240400-000000000,0.0.72,"4,913,500.00000000",False
2023-08-05T19:00:06.406575,0.0.70-1691240400-000000000,0.0.98,0.00670377,False
2023-08-05T19:00:06.406573,0.0.70-1691240400-000040000,0.0.4,0.00107717,False
2023-08-05T19:00:06.406573,0.0.70-1691240400-000040000,0.0.70,"-224,447.00778094",False
2023-08-05T19:00:06.406573,0.0.70-1691240400-000040000,0.0.98,0.00670377,False
2023-08-05T19:00:06.406573,0.0.70-1691240400-000040000,0.0.800,"-13,546.86507552",False
2023-08-05T19:00:06.406573,0.0.70-1691240400-000040000,0.0.41766,"237,993.86507552",False
2023-08-05T19:00:06.406571,0.0.70-1691240400-000010000,0.0.4,0.00107717,False
2023-08-05T19:00:06.406571,0.0.70-1691240400-000010000,0.0.70,"-1,139,390.00778094",False
2023-08-05T19:00:06.406571,0.0.70-1691240400-000010000,0.0.98,0.00670377,False
2023-08-05T19:00:06.406571,0.0.70-1691240400-000010000,0.0.11219,"1,139,390.00000000",False
2023-08-05T19:00:06.406542,0.0.70-1691240400-000050000,0.0.4,0.00107717,False
2023-08-05T19:00:06.406542,0.0.70-1691240400-000050000,0.0.70,"-2,686,460.00778094",False
2023-08-05T19:00:06.406542,0.0.70-1691240400-000050000,0.0.98,0.00670377,False
2023-08-05T19:00:06.406542,0.0.70-1691240400-000050000,0.0.46450,"2,686,460.00000000",False
2023-08-05T19:00:06.406541,0.0.70-1691240400-000030000,0.0.4,0.00107717,False
2023-08-05T19:00:06.406541,0.0.70-1691240400-000030000,0.0.70,"-834,591.00778094",False
2023-08-05T19:00:06.406541,0.0.70-1691240400-000030000,0.0.98,0.00670377,False
2023-08-05T19:00:06.406541,0.0.70-1691240400-000030000,0.0.800,"-3,656.74440432",False
2023-08-05T19:00:06.406541,0.0.70-1691240400-000030000,0.0.25226,"838,247.74440432",False
2023-08-05T19:00:06.406540,0.0.70-1691240400-000020000,0.0.4,0.00107717,False
2023-08-05T19:00:06.406540,0.0.70-1691240400-000020000,0.0.70,"-441,569.00778094",False
2023-08-05T19:00:06.406540,0.0.70-1691240400-000020000,0.0.98,0.00670377,False
2023-08-05T19:00:06.406540,0.0.70-1691240400-000020000,0.0.13283,"441,569.00000000",False
2023-08-05T18:27:01.928685,0.0.86-1691238414-661734000,0.0.4,0.00107176,False
2023-08-05T18:27:01.928685,0.0.86-1691238414-661734000,0.0.70,"10,500,000.00000000",False
2023-08-05T18:27:01.928685,0.0.86-1691238414-661734000,0.0.81,"11,000,000.00000000",False
2023-08-05T18:27:01.928685,0.0.86-1691238414-661734000,0.0.86,"-21,500,000.00536232",False
2023-08-05T18:27:01.928685,0.0.86-1691238414-661734000,0.0.98,0.00429056,False
2023-08-01T02:09:11.660184,0.0.70-1690834140-000020000,0.0.14,0.00107161,False
2023-08-01T02:09:11.660184,0.0.70-1690834140-000020000,0.0.70,-0.00626072,False
2023-08-01T02:09:11.660184,0.0.70-1690834140-000020000,0.0.98,0.00518911,False
2023-08-01T02:09:11.660183,0.0.70-1690834140-000030000,0.0.14,0.00107161,False
2023-08-01T02:09:11.660183,0.0.70-1690834140-000030000,0.0.70,-0.00626072,False
2023-08-01T02:09:11.660183,0.0.70-1690834140-000030000,0.0.98,0.00518911,False
2023-08-01T02:09:11.660182,0.0.70-1690834140-000000000,0.0.14,0.00107161,False
2023-08-01T02:09:11.660182,0.0.70-1690834140-000000000,0.0.70,-0.00626072,False
2023-08-01T02:09:11.660182,0.0.70-1690834140-000000000,0.0.98,0.00518911,False
2023-08-01T02:09:11.505785,0.0.70-1690834140-000010000,0.0.14,0.00107161,False
2023-08-01T02:09:11.505785,0.0.70-1690834140-000010000,0.0.70,-0.00626072,False
2023-08-01T02:09:11.505785,0.0.70-1690834140-000010000,0.0.98,0.00518911,False
2023-08-01T02:09:06.579327,0.0.70-1690834140-000020000,0.0.4,0.00107161,False
2023-08-01T02:09:06.579327,0.0.70-1690834140-000020000,0.0.70,"-25,000.00655098",False
2023-08-01T02:09:06.579327,0.0.70-1690834140-000020000,0.0.98,0.00547937,False
2023-08-01T02:09:06.579327,0.0.70-1690834140-000020000,0.0.54896,"25,000.00000000",False
2023-08-01T02:09:06.579311,0.0.70-1690834140-000000000,0.0.4,0.00107161,False
2023-08-01T02:09:06.579311,0.0.70-1690834140-000000000,0.0.70,"-25,000.00655098",False
2023-08-01T02:09:06.579311,0.0.70-1690834140-000000000,0.0.98,0.00547937,False
2023-08-01T02:09:06.579311,0.0.70-1690834140-000000000,0.0.54796,"25,000.00000000",False
2023-08-01T02:09:06.579310,0.0.70-1690834140-000010000,0.0.4,0.00107161,False
2023-08-01T02:09:06.579310,0.0.70-1690834140-000010000,0.0.70,"-16,625,000.00655098",False
2023-08-01T02:09:06.579310,0.0.70-1690834140-000010000,0.0.98,0.00547937,False
2023-08-01T02:09:06.579310,0.0.70-1690834140-000010000,0.0.54796,"16,625,000.00000000",False
2023-08-01T02:09:06.579309,0.0.70-1690834140-000030000,0.0.4,0.00107161,False
2023-08-01T02:09:06.579309,0.0.70-1690834140-000030000,0.0.70,"-16,625,000.00655098",False
2023-08-01T02:09:06.579309,0.0.70-1690834140-000030000,0.0.98,0.00547937,False
2023-08-01T02:09:06.579309,0.0.70-1690834140-000030000,0.0.54896,"16,625,000.00000000",False
2023-08-01T02:08:06.841313,0.0.70-1690834080-000000000,0.0.4,0.00107140,False
2023-08-01T02:08:06.841313,0.0.70-1690834080-000000000,0.0.70,"-25,041,666.67320929",False
2023-08-01T02:08:06.841313,0.0.70-1690834080-000000000,0.0.98,0.00547519,False
2023-08-01T02:08:06.841313,0.0.70-1690834080-000000000,0.0.54795,"25,041,666.66666270",False
2023-08-01T02:08:06.841312,0.0.70-1690834080-000010000,0.0.4,0.00107140,False
2023-08-01T02:08:06.841312,0.0.70-1690834080-000010000,0.0.70,"-25,041,666.67320929",False
2023-08-01T02:08:06.841312,0.0.70-1690834080-000010000,0.0.98,0.00547519,False
2023-08-01T02:08:06.841312,0.0.70-1690834080-000010000,0.0.54895,"25,041,666.66666270",False
2023-07-16T18:00:11.902599,0.0.83-1689508800-000000000,0.0.5,0.00109897,False
2023-07-16T18:00:11.902599,0.0.83-1689508800-000000000,0.0.70,"83,500,000.00000000",False
2023-07-16T18:00:11.902599,0.0.83-1689508800-000000000,0.0.74,"113,000,000.00000000",False
2023-07-16T18:00:11.902599,0.0.83-1689508800-000000000,0.0.81,"30,000,000.00000000",False
2023-07-16T18:00:11.902599,0.0.83-1689508800-000000000,0.0.83,"-193,000,000.00796980",False
2023-07-16T18:00:11.902599,0.0.83-1689508800-000000000,0.0.84,"-33,500,000.00000000",False
2023-07-16T18:00:11.902599,0.0.83-1689508800-000000000,0.0.98,0.00687084,False
2023-07-06T03:00:17.049878,0.0.70-1688590800-000030000,0.0.4,0.00112159,False
2023-07-06T03:00:17.049878,0.0.70-1688590800-000030000,0.0.70,-0.00420179,False
2023-07-06T03:00:17.049878,0.0.70-1688590800-000030000,0.0.98,0.00277218,False
2023-07-06T03:00:17.049878,0.0.70-1688590800-000030000,0.0.800,0.00030802,False
2023-07-06T03:00:17.049877,0.0.70-1688590800-000000000,0.0.4,0.00112159,False
2023-07-06T03:00:17.049877,0.0.70-1688590800-000000000,0.0.70,-0.00420179,False
2023-07-06T03:00:17.049877,0.0.70-1688590800-000000000,0.0.98,0.00277218,False
2023-07-06T03:00:17.049877,0.0.70-1688590800-000000000,0.0.800,0.00030802,False
2023-07-06T03:00:12.375277,0.0.70-1688590800-000000000,0.0.14,0.00112159,False
2023-07-06T03:00:12.375277,0.0.70-1688590800-000000000,0.0.70,"-14,364,800.00452454",False
2023-07-06T03:00:12.375277,0.0.70-1688590800-000000000,0.0.72,"14,364,800.00000000",False
2023-07-06T03:00:12.375277,0.0.70-1688590800-000000000,0.0.98,0.00306266,False
2023-07-06T03:00:12.375277,0.0.70-1688590800-000000000,0.0.800,0.00034029,False
2023-07-06T03:00:12.375272,0.0.70-1688590800-000010000,0.0.14,0.00112159,False
2023-07-06T03:00:12.375272,0.0.70-1688590800-000010000,0.0.70,-0.00420179,False
2023-07-06T03:00:12.375272,0.0.70-1688590800-000010000,0.0.98,0.00277218,False
2023-07-06T03:00:12.375272,0.0.70-1688590800-000010000,0.0.800,0.00030802,False
2023-07-06T03:00:12.375271,0.0.70-1688590800-000020000,0.0.14,0.00112159,False
2023-07-06T03:00:12.375271,0.0.70-1688590800-000020000,0.0.70,-0.00420179,False
2023-07-06T03:00:12.375271,0.0.70-1688590800-000020000,0.0.98,0.00277218,False
2023-07-06T03:00:12.375271,0.0.70-1688590800-000020000,0.0.800,0.00030802,False
2023-07-06T03:00:12.375270,0.0.70-1688590800-000030000,0.0.14,0.00112159,False
2023-07-06T03:00:12.375270,0.0.70-1688590800-000030000,0.0.70,"-2,913,095.31165291",False
2023-07-06T03:00:12.375270,0.0.70-1688590800-000030000,0.0.98,0.00306266,False
2023-07-06T03:00:12.375270,0.0.70-1688590800-000030000,0.0.800,0.00034029,False
2023-07-06T03:00:12.375270,0.0.70-1688590800-000030000,0.0.1772960,"2,913,095.30712837",False
2023-07-06T03:00:07.328857,0.0.70-1688590800-000010000,0.0.4,0.00112159,False
2023-07-06T03:00:07.328857,0.0.70-1688590800-000010000,0.0.70,"-5,081,295.82276898",False
2023-07-06T03:00:07.328857,0.0.70-1688590800-000010000,0.0.98,0.00306266,False
2023-07-06T03:00:07.328857,0.0.70-1688590800-000010000,0.0.800,0.00034029,False
2023-07-06T03:00:07.328857,0.0.70-1688590800-000010000,0.0.13283,"5,081,295.81824444",False
2023-07-06T03:00:07.328855,0.0.70-1688590800-000020000,0.0.4,0.00112159,False
2023-07-06T03:00:07.328855,0.0.70-1688590800-000020000,0.0.70,"-5,016,987.04635763",False
2023-07-06T03:00:07.328855,0.0.70-1688590800-000020000,0.0.98,0.00306266,False
2023-07-06T03:00:07.328855,0.0.70-1688590800-000020000,0.0.800,"-6,371.52202083",False
2023-07-06T03:00:07.328855,0.0.70-1688590800-000020000,0.0.25226,"5,023,358.56419421",False
2023-07-06T02:59:06.614921,0.0.84-1688590740-000000000,0.0.4,0.00105274,False
2023-07-06T02:59:06.614921,0.0.84-1688590740-000000000,0.0.70,"27,000,000.00000000",False
2023-07-06T02:59:06.614921,0.0.84-1688590740-000000000,0.0.84,"-27,000,000.00444168",False
2023-07-06T02:59:06.614921,0.0.84-1688590740-000000000,0.0.98,0.00305005,False
2023-07-06T02:59:06.614921,0.0.84-1688590740-000000000,0.0.800,0.00033889,False
2023-07-06T00:01:22.081764,0.0.70-1688580060-000090000,0.0.17,0.00111661,False
2023-07-06T00:01:22.081764,0.0.70-1688580060-000090000,0.0.70,-0.00550949,False
2023-07-06T00:01:22.081764,0.0.70-1688580060-000090000,0.0.98,0.00395360,False
2023-07-06T00:01:22.081764,0.0.70-1688580060-000090000,0.0.800,0.00043928,False
2023-07-06T00:01:17.234905,0.0.70-1688580060-000100000,0.0.4,0.00111661,False
2023-07-06T00:01:17.234905,0.0.70-1688580060-000100000,0.0.70,-0.00550949,False
2023-07-06T00:01:17.234905,0.0.70-1688580060-000100000,0.0.98,0.00395360,False
2023-07-06T00:01:17.234905,0.0.70-1688580060-000100000,0.0.800,0.00043928,False
2023-07-06T00:01:17.234904,0.0.70-1688580060-000090000,0.0.4,0.00111661,False
2023-07-06T00:01:17.234904,0.0.70-1688580060-000090000,0.0.70,"-176,762.42143707",False
2023-07-06T00:01:17.234904,0.0.70-1688580060-000090000,0.0.98,0.00424211,False
2023-07-06T00:01:17.234904,0.0.70-1688580060-000090000,0.0.800,0.00047134,False
2023-07-06T00:01:17.234904,0.0.70-1688580060-000090000,0.0.1730897,"176,762.41560701",False
2023-07-06T00:01:17.234903,0.0.70-1688580060-000040000,0.0.4,0.00111661,False
2023-07-06T00:01:17.234903,0.0.70-1688580060-000040000,0.0.70,"-197,536.03067478",False
2023-07-06T00:01:17.234903,0.0.70-1688580060-000040000,0.0.98,0.00424211,False
2023-07-06T00:01:17.234903,0.0.70-1688580060-000040000,0.0.800,"-13,039.09708658",False
2023-07-06T00:01:17.234903,0.0.70-1688580060-000040000,0.0.41766,"210,575.12240264",False
2023-07-06T00:01:17.234902,0.0.70-1688580060-000060000,0.0.4,0.00111661,False
2023-07-06T00:01:17.234902,0.0.70-1688580060-000060000,0.0.70,-0.00550949,False
2023-07-06T00:01:17.234902,0.0.70-1688580060-000060000,0.0.98,0.00395360,False
2023-07-06T00:01:17.234902,0.0.70-1688580060-000060000,0.0.800,0.00043928,False
2023-07-06T00:01:17.234901,0.0.70-1688580060-000080000,0.0.4,0.00111661,False
2023-07-06T00:01:17.234901,0.0.70-1688580060-000080000,0.0.70,"-598,646.61147145",False
2023-07-06T00:01:17.234901,0.0.70-1688580060-000080000,0.0.98,0.00424211,False
2023-07-06T00:01:17.234901,0.0.70-1688580060-000080000,0.0.800,"-5,769.90656834",False
2023-07-06T00:01:17.234901,0.0.70-1688580060-000080000,0.0.1693502,"604,416.51268107",False
2023-07-06T00:01:12.947935,0.0.70-1688580060-000120000,0.0.17,0.00111661,False
2023-07-06T00:01:12.947935,0.0.70-1688580060-000120000,0.0.70,-0.00583006,False
2023-07-06T00:01:12.947935,0.0.70-1688580060-000120000,0.0.98,0.00424211,False
2023-07-06T00:01:12.947935,0.0.70-1688580060-000120000,0.0.800,0.00047134,False
2023-07-06T00:01:12.947934,0.0.70-1688580060-000130000,0.0.17,0.00111661,False
2023-07-06T00:01:12.947934,0.0.70-1688580060-000130000,0.0.70,-0.00550949,False
2023-07-06T00:01:12.947934,0.0.70-1688580060-000130000,0.0.98,0.00395360,False
2023-07-06T00:01:12.947934,0.0.70-1688580060-000130000,0.0.800,0.00043928,False
2023-07-06T00:01:12.947933,0.0.70-1688580060-000020000,0.0.17,0.00111661,False
2023-07-06T00:01:12.947933,0.0.70-1688580060-000020000,0.0.70,-0.00583006,False
2023-07-06T00:01:12.947933,0.0.70-1688580060-000020000,0.0.98,0.00424211,False
2023-07-06T00:01:12.947933,0.0.70-1688580060-000020000,0.0.800,0.00047134,False
2023-07-06T00:01:12.947932,0.0.70-1688580060-000050000,0.0.17,0.00111661,False
2023-07-06T00:01:12.947932,0.0.70-1688580060-000050000,0.0.70,-0.00550949,False
2023-07-06T00:01:12.947932,0.0.70-1688580060-000050000,0.0.98,0.00395360,False
2023-07-06T00:01:12.947932,0.0.70-1688580060-000050000,0.0.800,0.00043928,False
2023-07-06T00:01:12.947931,0.0.70-1688580060-000070000,0.0.17,0.00111661,False
2023-07-06T00:01:12.947931,0.0.70-1688580060-000070000,0.0.70,-0.00550949,False
2023-07-06T00:01:12.947931,0.0.70-1688580060-000070000,0.0.98,0.00395360,False
2023-07-06T00:01:12.947931,0.0.70-1688580060-000070000,0.0.800,0.00043928,False
2023-07-06T00:01:12.947930,0.0.70-1688580060-000010000,0.0.17,0.00111661,False
2023-07-06T00:01:12.947930,0.0.70-1688580060-000010000,0.0.70,-0.00550949,False
2023-07-06T00:01:12.947930,0.0.70-1688580060-000010000,0.0.98,0.00395360,False
2023-07-06T00:01:12.947930,0.0.70-1688580060-000010000,0.0.800,0.00043928,False
2023-07-06T00:01:12.947928,0.0.70-1688580060-000060000,0.0.17,0.00111661,False
2023-07-06T00:01:12.947928,0.0.70-1688580060-000060000,0.0.70,"-498,033.39024790",False
2023-07-06T00:01:12.947928,0.0.70-1688580060-000060000,0.0.98,0.00424211,False
2023-07-06T00:01:12.947928,0.0.70-1688580060-000060000,0.0.800,0.00047134,False
2023-07-06T00:01:12.947928,0.0.70-1688580060-000060000,0.0.1261680,"498,033.38441784",False
2023-07-06T00:01:12.947927,0.0.70-1688580060-000100000,0.0.17,0.00111661,False
2023-07-06T00:01:12.947927,0.0.70-1688580060-000100000,0.0.70,"-50,914.76373090",False
2023-07-06T00:01:12.947927,0.0.70-1688580060-000100000,0.0.98,0.00424211,False
2023-07-06T00:01:12.947927,0.0.70-1688580060-000100000,0.0.800,-159.34854002,False
2023-07-06T00:01:12.947927,0.0.70-1688580060-000100000,0.0.1735429,"51,074.10691220",False
2023-07-06T00:01:12.947926,0.0.70-1688580060-000110000,0.0.17,0.00111661,False
2023-07-06T00:01:12.947926,0.0.70-1688580060-000110000,0.0.70,-0.00550949,False
2023-07-06T00:01:12.947926,0.0.70-1688580060-000110000,0.0.98,0.00395360,False
2023-07-06T00:01:12.947926,0.0.70-1688580060-000110000,0.0.800,0.00043928,False
2023-07-06T00:01:07.300796,0.0.70-1688580060-000070000,0.0.4,0.00111661,False
2023-07-06T00:01:07.300796,0.0.70-1688580060-000070000,0.0.70,"-110,978.13613698",False
2023-07-06T00:01:07.300796,0.0.70-1688580060-000070000,0.0.98,0.00424211,False
2023-07-06T00:01:07.300796,0.0.70-1688580060-000070000,0.0.800,0.00047134,False
2023-07-06T00:01:07.300796,0.0.70-1688580060-000070000,0.0.1588047,"110,978.13030692",False
2023-07-06T00:01:07.300792,0.0.70-1688580060-000010000,0.0.4,0.00111661,False
2023-07-06T00:01:07.300792,0.0.70-1688580060-000010000,0.0.70,"-3,464,778.03032068",False
2023-07-06T00:01:07.300792,0.0.70-1688580060-000010000,0.0.98,0.00424211,False
2023-07-06T00:01:07.300792,0.0.70-1688580060-000010000,0.0.800,0.00047134,False
2023-07-06T00:01:07.300792,0.0.70-1688580060-000010000,0.0.11219,"3,464,778.02449062",False
2023-07-06T00:01:07.300791,0.0.70-1688580060-000130000,0.0.4,0.00111661,False
2023-07-06T00:01:07.300791,0.0.70-1688580060-000130000,0.0.70,"-501,406.21052707",False
2023-07-06T00:01:07.300791,0.0.70-1688580060-000130000,0.0.98,0.00424211,False
2023-07-06T00:01:07.300791,0.0.70-1688580060-000130000,0.0.800,0.00047134,False
2023-07-06T00:01:07.300791,0.0.70-1688580060-000130000,0.0.1775446,"501,406.20469701",False
2023-07-06T00:01:07.300779,0.0.70-1688580060-000110000,0.0.4,0.00111661,False
2023-07-06T00:01:07.300779,0.0.70-1688580060-000110000,0.0.70,"-85,479.02666426",False
2023-07-06T00:01:07.300779,0.0.70-1688580060-000110000,0.0.98,0.00424211,False
2023-07-06T00:01:07.300779,0.0.70-1688580060-000110000,0.0.800,-550.07796386,False
2023-07-06T00:01:07.300779,0.0.70-1688580060-000110000,0.0.1739336,"86,029.09926940",False
2023-07-06T00:01:07.300778,0.0.70-1688580060-000050000,0.0.4,0.00111661,False
2023-07-06T00:01:07.300778,0.0.70-1688580060-000050000,0.0.70,"-5,358,166.61977158",False
2023-07-06T00:01:07.300778,0.0.70-1688580060-000050000,0.0.98,0.00424211,False
2023-07-06T00:01:07.300778,0.0.70-1688580060-000050000,0.0.800,0.00047134,False
2023-07-06T00:01:07.300778,0.0.70-1688580060-000050000,0.0.46450,"5,358,166.61394152",False
2023-07-06T00:00:07.022584,0.0.84-1688580000-000000000,0.0.4,0.00111661,False
2023-07-06T00:00:07.022584,0.0.84-1688580000-000000000,0.0.70,"10,000,000.00000000",False
2023-07-06T00:00:07.022584,0.0.84-1688580000-000000000,0.0.84,"-10,000,000.00583006",False
2023-07-06T00:00:07.022584,0.0.84-1688580000-000000000,0.0.98,0.00424211,False
2023-07-06T00:00:07.022584,0.0.84-1688580000-000000000,0.0.800,0.00047134,False
2023-06-30T22:05:06.160699,0.0.70-1688141100-000010000,0.0.4,0.00108137,False
2023-06-30T22:05:06.160699,0.0.70-1688141100-000010000,0.0.70,"-16,600,000.00692707",False
2023-06-30T22:05:06.160699,0.0.70-1688141100-000010000,0.0.98,0.00526113,False
2023-06-30T22:05:06.160699,0.0.70-1688141100-000010000,0.0.800,0.00058457,False
2023-06-30T22:05:06.160699,0.0.70-1688141100-000010000,0.0.54896,"16,600,000.00000000",False
2023-06-30T22:05:06.160698,0.0.70-1688141100-000000000,0.0.4,0.00108137,False
2023-06-30T22:05:06.160698,0.0.70-1688141100-000000000,0.0.70,"-16,600,000.00692707",False
2023-06-30T22:05:06.160698,0.0.70-1688141100-000000000,0.0.98,0.00526113,False
2023-06-30T22:05:06.160698,0.0.70-1688141100-000000000,0.0.800,0.00058457,False
2023-06-30T22:05:06.160698,0.0.70-1688141100-000000000,0.0.54796,"16,600,000.00000000",False
2023-06-30T22:04:07.211486,0.0.70-1688141040-000000000,0.0.4,0.00108115,False
2023-06-30T22:04:07.211486,0.0.70-1688141040-000000000,0.0.70,"-25,041,700.00692239",False
2023-06-30T22:04:07.211486,0.0.70-1688141040-000000000,0.0.98,0.00525712,False
2023-06-30T22:04:07.211486,0.0.70-1688141040-000000000,0.0.800,0.00058412,False
2023-06-30T22:04:07.211486,0.0.70-1688141040-000000000,0.0.54795,"25,041,700.00000000",False
2023-06-30T22:04:06.906713,0.0.70-1688141040-000010000,0.0.4,0.00108115,False
2023-06-30T22:04:06.906713,0.0.70-1688141040-000010000,0.0.70,"-25,041,700.00692239",False
2023-06-30T22:04:06.906713,0.0.70-1688141040-000010000,0.0.98,0.00525712,False
2023-06-30T22:04:06.906713,0.0.70-1688141040-000010000,0.0.800,0.00058412,False
2023-06-30T22:04:06.906713,0.0.70-1688141040-000010000,0.0.54895,"25,041,700.00000000",False
2023-06-16T22:01:07.172452,0.0.84-1686931260-000000000,0.0.4,0.00113750,False
2023-06-16T22:01:07.172452,0.0.84-1686931260-000000000,0.0.70,"84,000,000.00000000",False
2023-06-16T22:01:07.172452,0.0.84-1686931260-000000000,0.0.84,"-84,000,000.00765635",False
2023-06-16T22:01:07.172452,0.0.84-1686931260-000000000,0.0.98,0.00586697,False
2023-06-16T22:01:07.172452,0.0.84-1686931260-000000000,0.0.800,0.00065188,False
2023-06-06T03:02:12.516202,0.0.70-1685998920-000020000,0.0.4,0.00109969,False
2023-06-06T03:02:12.516202,0.0.70-1685998920-000020000,0.0.70,"-589,747.00574172",False
2023-06-06T03:02:12.516202,0.0.70-1685998920-000020000,0.0.98,0.00464203,False
2023-06-06T03:02:12.516202,0.0.70-1685998920-000020000,0.0.13283,"589,747.00000000",False
2023-06-06T03:02:12.516199,0.0.70-1685998920-000040000,0.0.4,0.00109969,False
2023-06-06T03:02:12.516199,0.0.70-1685998920-000040000,0.0.70,"-197,313.00574172",False
2023-06-06T03:02:12.516199,0.0.70-1685998920-000040000,0.0.98,0.00464203,False
2023-06-06T03:02:12.516199,0.0.70-1685998920-000040000,0.0.800,"-12,537.76798848",False
2023-06-06T03:02:12.516199,0.0.70-1685998920-000040000,0.0.41766,"209,850.76798848",False
2023-06-06T03:02:12.516198,0.0.70-1685998920-000030000,0.0.4,0.00109969,False
2023-06-06T03:02:12.516198,0.0.70-1685998920-000030000,0.0.70,"-834,591.00574172",False
2023-06-06T03:02:12.516198,0.0.70-1685998920-000030000,0.0.98,0.00464203,False
2023-06-06T03:02:12.516198,0.0.70-1685998920-000030000,0.0.800,"-4,394.98252368",False
2023-06-06T03:02:12.516198,0.0.70-1685998920-000030000,0.0.25226,"838,985.98252368",False
2023-06-06T03:02:12.474558,0.0.70-1685998920-000000000,0.0.4,0.00109969,False
2023-06-06T03:02:12.474558,0.0.70-1685998920-000000000,0.0.70,"-3,607,570.00574172",False
2023-06-06T03:02:12.474558,0.0.70-1685998920-000000000,0.0.72,"3,607,570.00000000",False
2023-06-06T03:02:12.474558,0.0.70-1685998920-000000000,0.0.98,0.00464203,False
2023-06-06T03:02:07.183717,0.0.70-1685998920-000050000,0.0.14,0.00109969,False
2023-06-06T03:02:07.183717,0.0.70-1685998920-000050000,0.0.70,"-3,719,100.00574172",False
2023-06-06T03:02:07.183717,0.0.70-1685998920-000050000,0.0.98,0.00464203,False
2023-06-06T03:02:07.183717,0.0.70-1685998920-000050000,0.0.46450,"3,719,100.00000000",False
2023-06-06T03:02:07.183716,0.0.70-1685998920-000010000,0.0.14,0.00109969,False
2023-06-06T03:02:07.183716,0.0.70-1685998920-000010000,0.0.70,"-1,291,630.00574172",False
2023-06-06T03:02:07.183716,0.0.70-1685998920-000010000,0.0.98,0.00464203,False
2023-06-06T03:02:07.183716,0.0.70-1685998920-000010000,0.0.11219,"1,291,630.00000000",False
2023-06-06T03:00:06.300458,0.0.84-1685998800-000000000,0.0.4,0.00103660,False
2023-06-06T03:00:06.300458,0.0.84-1685998800-000000000,0.0.70,"10,000,000.00000000",False
2023-06-06T03:00:06.300458,0.0.84-1685998800-000000000,0.0.84,"-10,000,000.00567863",False
2023-06-06T03:00:06.300458,0.0.84-1685998800-000000000,0.0.98,0.00464203,False
2023-06-02T04:33:34.952399,0.0.70-1685658784-227477000,0.0.4,0.00104338,False
2023-06-02T04:33:34.952399,0.0.70-1685658784-227477000,0.0.70,"-25,041,666.67087175",False
2023-06-02T04:33:34.952399,0.0.70-1685658784-227477000,0.0.98,0.00316567,False
2023-06-02T04:33:34.952399,0.0.70-1685658784-227477000,0.0.54795,"25,041,666.66666270",False
2023-06-02T04:10:11.755216,0.0.70-1685657400-000010000,0.0.15,0.00098605,False
2023-06-02T04:10:11.755216,0.0.70-1685657400-000010000,0.0.70,"-16,625,000.00540503",False
2023-06-02T04:10:11.755216,0.0.70-1685657400-000010000,0.0.98,0.00441898,False
2023-06-02T04:10:11.755216,0.0.70-1685657400-000010000,0.0.54896,"16,625,000.00000000",False
2023-06-02T04:10:11.755214,0.0.70-1685657400-000000000,0.0.15,0.00098605,False
2023-06-02T04:10:11.755214,0.0.70-1685657400-000000000,0.0.70,"-16,625,000.00540503",False
2023-06-02T04:10:11.755214,0.0.70-1685657400-000000000,0.0.98,0.00441898,False
2023-06-02T04:10:11.755214,0.0.70-1685657400-000000000,0.0.54796,"16,625,000.00000000",False
2023-06-02T04:09:12.404813,0.0.70-1685657340-000010000,0.0.16,0.00098583,False
2023-06-02T04:09:12.404813,0.0.70-1685657340-000010000,0.0.70,"-25,041,666.67206319",False
2023-06-02T04:09:12.404813,0.0.70-1685657340-000010000,0.0.98,0.00441466,False
2023-06-02T04:09:12.404813,0.0.70-1685657340-000010000,0.0.54895,"25,041,666.66666270",False
2023-06-02T04:00:11.897111,0.0.83-1685656800-000000000,0.0.14,0.00104583,False
2023-06-02T04:00:11.897111,0.0.83-1685656800-000000000,0.0.70,"78,000,000.00000000",False
2023-06-02T04:00:11.897111,0.0.83-1685656800-000000000,0.0.83,"-78,000,000.00546049",False
2023-06-02T04:00:11.897111,0.0.83-1685656800-000000000,0.0.98,0.00441466,False
2023-05-09T19:02:43.072066,0.0.70-1683637260-000240000,0.0.5,0.00092508,False
2023-05-09T19:02:43.072066,0.0.70-1683637260-000240000,0.0.70,-0.00594552,False
2023-05-09T19:02:43.072066,0.0.70-1683637260-000240000,0.0.98,0.00502044,False
2023-05-09T19:02:43.058888,0.0.70-1683637260-000210000,0.0.4,0.00092508,False
2023-05-09T19:02:43.058888,0.0.70-1683637260-000210000,0.0.70,"-197,316.59189831",False
2023-05-09T19:02:43.058888,0.0.70-1683637260-000210000,0.0.98,0.00530149,False
2023-05-09T19:02:43.058888,0.0.70-1683637260-000210000,0.0.800,"-21,720.15902784",False
2023-05-09T19:02:43.058888,0.0.70-1683637260-000210000,0.0.41766,"219,036.74469958",False
2023-05-09T19:02:43.058887,0.0.70-1683637260-000070000,0.0.4,0.00092508,False
2023-05-09T19:02:43.058887,0.0.70-1683637260-000070000,0.0.70,"-4,051,039.76695866",False
2023-05-09T19:02:43.058887,0.0.70-1683637260-000070000,0.0.98,0.00530149,False
2023-05-09T19:02:43.058887,0.0.70-1683637260-000070000,0.0.6046,"4,051,039.76073209",False
2023-05-09T19:02:43.058885,0.0.70-1683637260-000180000,0.0.4,0.00092508,False
2023-05-09T19:02:43.058885,0.0.70-1683637260-000180000,0.0.70,"-46,567.17575157",False
2023-05-09T19:02:43.058885,0.0.70-1683637260-000180000,0.0.98,0.00530149,False
2023-05-09T19:02:43.058885,0.0.70-1683637260-000180000,0.0.13717,"46,567.16952500",False
2023-05-09T19:02:43.058883,0.0.70-1683637260-000020000,0.0.4,0.00092508,False
2023-05-09T19:02:43.058883,0.0.70-1683637260-000020000,0.0.70,"-95,830.14622657",False
2023-05-09T19:02:43.058883,0.0.70-1683637260-000020000,0.0.98,0.00530149,False
2023-05-09T19:02:43.058883,0.0.70-1683637260-000020000,0.0.800,"-16,799.36877024",False
2023-05-09T19:02:43.058883,0.0.70-1683637260-000020000,0.0.1235,"112,629.50877024",False
2023-05-09T19:02:43.058882,0.0.70-1683637260-000050000,0.0.4,0.00092508,False
2023-05-09T19:02:43.058882,0.0.70-1683637260-000050000,0.0.70,"-84,314.78412749",False
2023-05-09T19:02:43.058882,0.0.70-1683637260-000050000,0.0.98,0.00530149,False
2023-05-09T19:02:43.058882,0.0.70-1683637260-000050000,0.0.4239,"84,314.77790092",False
2023-05-09T19:02:43.058882,0.0.70-1683637260-000170000,0.0.4,0.00092508,False
2023-05-09T19:02:43.058882,0.0.70-1683637260-000170000,0.0.70,"-664,091.18467617",False
2023-05-09T19:02:43.058882,0.0.70-1683637260-000170000,0.0.98,0.00530149,False
2023-05-09T19:02:43.058882,0.0.70-1683637260-000170000,0.0.13283,"664,091.17844960",False
2023-05-09T19:02:43.058880,0.0.70-1683637260-000220000,0.0.4,0.00092508,False
2023-05-09T19:02:43.058880,0.0.70-1683637260-000220000,0.0.70,"-3,717,332.00097027",False
2023-05-09T19:02:43.058880,0.0.70-1683637260-000220000,0.0.98,0.00530149,False
2023-05-09T19:02:43.058880,0.0.70-1683637260-000220000,0.0.46450,"3,717,331.99474370",False
2023-05-09T19:02:43.058879,0.0.70-1683637260-000160000,0.0.4,0.00092508,False
2023-05-09T19:02:43.058879,0.0.70-1683637260-000160000,0.0.70,"-49,633.06327783",False
2023-05-09T19:02:43.058879,0.0.70-1683637260-000160000,0.0.98,0.00530149,False
2023-05-09T19:02:43.058879,0.0.70-1683637260-000160000,0.0.800,"-7,819.45148544",False
2023-05-09T19:02:43.058879,0.0.70-1683637260-000160000,0.0.13257,"57,452.50853670",False
2023-05-09T19:02:43.058878,0.0.70-1683637260-000140000,0.0.4,0.00092508,False
2023-05-09T19:02:43.058878,0.0.70-1683637260-000140000,0.0.70,"-31,780.09372461",False
2023-05-09T19:02:43.058878,0.0.70-1683637260-000140000,0.0.98,0.00530149,False
2023-05-09T19:02:43.058878,0.0.70-1683637260-000140000,0.0.800,"-2,554.37453376",False
2023-05-09T19:02:43.058878,0.0.70-1683637260-000140000,0.0.13252,"34,334.46203180",False
2023-05-09T19:02:43.058874,0.0.70-1683637260-000080000,0.0.4,0.00092508,False
2023-05-09T19:02:43.058874,0.0.70-1683637260-000080000,0.0.70,"-609,578.83063322",False
2023-05-09T19:02:43.058874,0.0.70-1683637260-000080000,0.0.98,0.00530149,False
2023-05-09T19:02:43.058874,0.0.70-1683637260-000080000,0.0.800,"-27,700.15167360",False
2023-05-09T19:02:43.058874,0.0.70-1683637260-000080000,0.0.8131,"637,278.97608025",False
2023-05-09T19:02:43.058873,0.0.70-1683637260-000150000,0.0.4,0.00092508,False
2023-05-09T19:02:43.058873,0.0.70-1683637260-000150000,0.0.70,"-51,574.12790395",False
2023-05-09T19:02:43.058873,0.0.70-1683637260-000150000,0.0.98,0.00530149,False
2023-05-09T19:02:43.058873,0.0.70-1683637260-000150000,0.0.800,"-1,981.35565488",False
2023-05-09T19:02:43.058873,0.0.70-1683637260-000150000,0.0.13253,"53,555.47733226",False
2023-05-09T19:02:43.058872,0.0.70-1683637260-000060000,0.0.4,0.00092508,False
2023-05-09T19:02:43.058872,0.0.70-1683637260-000060000,0.0.70,"-509,908.94622657",False
2023-05-09T19:02:43.058872,0.0.70-1683637260-000060000,0.0.98,0.00530149,False
2023-05-09T19:02:43.058872,0.0.70-1683637260-000060000,0.0.800,"-10,775.96645328",False
2023-05-09T19:02:43.058872,0.0.70-1683637260-000060000,0.0.5830,"520,684.90645328",False
2023-05-09T19:02:43.058872,0.0.70-1683637260-000010000,0.0.4,0.00092508,False
2023-05-09T19:02:43.058872,0.0.70-1683637260-000010000,0.0.70,"-141,519.25854825",False
2023-05-09T19:02:43.058872,0.0.70-1683637260-000010000,0.0.98,0.00530149,False
2023-05-09T19:02:43.058872,0.0.70-1683637260-000010000,0.0.1026,"141,519.25232168",False
2023-05-09T19:02:43.058871,0.0.70-1683637260-000190000,0.0.4,0.00092508,False
2023-05-09T19:02:43.058871,0.0.70-1683637260-000190000,0.0.70,"-891,417.04665297",False
2023-05-09T19:02:43.058871,0.0.70-1683637260-000190000,0.0.98,0.00530149,False
2023-05-09T19:02:43.058871,0.0.70-1683637260-000190000,0.0.800,-29.69715504,False
2023-05-09T19:02:43.058871,0.0.70-1683637260-000190000,0.0.25226,"891,446.73758144",False
2023-05-09T19:02:43.058869,0.0.70-1683637260-000040000,0.0.4,0.00092508,False
2023-05-09T19:02:43.058869,0.0.70-1683637260-000040000,0.0.70,"-1,057,018.68019585",False
2023-05-09T19:02:43.058869,0.0.70-1683637260-000040000,0.0.98,0.00530149,False
2023-05-09T19:02:43.058869,0.0.70-1683637260-000040000,0.0.2344,"1,057,018.67396928",False
2023-05-09T19:02:43.058868,0.0.70-1683637260-000030000,0.0.4,0.00092508,False
2023-05-09T19:02:43.058868,0.0.70-1683637260-000030000,0.0.70,"-62,505.14622657",False
2023-05-09T19:02:43.058868,0.0.70-1683637260-000030000,0.0.98,0.00530149,False
2023-05-09T19:02:43.058868,0.0.70-1683637260-000030000,0.0.1387,"62,505.14000000",False
2023-05-09T19:02:43.058867,0.0.70-1683637260-000230000,0.0.4,0.00092508,False
2023-05-09T19:02:43.058867,0.0.70-1683637260-000230000,0.0.70,"-36,386.21398641",False
2023-05-09T19:02:43.058867,0.0.70-1683637260-000230000,0.0.98,0.00530149,False
2023-05-09T19:02:43.058867,0.0.70-1683637260-000230000,0.0.47536,"36,386.20775984",False
2023-05-09T19:02:43.058867,0.0.70-1683637260-000100000,0.0.4,0.00092508,False
2023-05-09T19:02:43.058867,0.0.70-1683637260-000100000,0.0.70,"-1,302,703.20621090",False
2023-05-09T19:02:43.058867,0.0.70-1683637260-000100000,0.0.98,0.00530149,False
2023-05-09T19:02:43.058867,0.0.70-1683637260-000100000,0.0.11219,"1,302,703.19998433",False
2023-05-09T19:02:43.058866,0.0.70-1683637260-000120000,0.0.4,0.00092508,False
2023-05-09T19:02:43.058866,0.0.70-1683637260-000120000,0.0.70,"-28,429.58776286",False
2023-05-09T19:02:43.058866,0.0.70-1683637260-000120000,0.0.98,0.00530149,False
2023-05-09T19:02:43.058866,0.0.70-1683637260-000120000,0.0.11651,"28,429.58153629",False
2023-05-09T19:02:43.058863,0.0.70-1683637260-000240000,0.0.4,0.00092508,False
2023-05-09T19:02:43.058863,0.0.70-1683637260-000240000,0.0.70,"-3,206,790.44558698",False
2023-05-09T19:02:43.058863,0.0.70-1683637260-000240000,0.0.98,0.00530149,False
2023-05-09T19:02:43.058863,0.0.70-1683637260-000240000,0.0.1517404,"3,206,790.43936041",False
2023-05-09T19:02:43.058862,0.0.70-1683637260-000130000,0.0.4,0.00092508,False
2023-05-09T19:02:43.058862,0.0.70-1683637260-000130000,0.0.70,"-4,980,014.46111606",False
2023-05-09T19:02:43.058862,0.0.70-1683637260-000130000,0.0.98,0.00530149,False
2023-05-09T19:02:43.058862,0.0.70-1683637260-000130000,0.0.800,"-10,762.69343856",False
2023-05-09T19:02:43.058862,0.0.70-1683637260-000130000,0.0.11672,"4,990,777.14832805",False
2023-05-09T19:02:43.058861,0.0.70-1683637260-000110000,0.0.4,0.00092508,False
2023-05-09T19:02:43.058861,0.0.70-1683637260-000110000,0.0.70,"-155,223.96356471",False
2023-05-09T19:02:43.058861,0.0.70-1683637260-000110000,0.0.98,0.00530149,False
2023-05-09T19:02:43.058861,0.0.70-1683637260-000110000,0.0.11426,"155,223.95733814",False
2023-05-09T19:02:43.058861,0.0.70-1683637260-000090000,0.0.4,0.00092508,False
2023-05-09T19:02:43.058861,0.0.70-1683637260-000090000,0.0.70,"-63,291.62451470",False
2023-05-09T19:02:43.058861,0.0.70-1683637260-000090000,0.0.98,0.00530149,False
2023-05-09T19:02:43.058861,0.0.70-1683637260-000090000,0.0.9584,"63,291.61828813",False
2023-05-09T19:02:43.058859,0.0.70-1683637260-000000000,0.0.4,0.00092508,False
2023-05-09T19:02:43.058859,0.0.70-1683637260-000000000,0.0.70,"-15,976,502.12254577",False
2023-05-09T19:02:43.058859,0.0.70-1683637260-000000000,0.0.72,"15,976,502.11631920",False
2023-05-09T19:02:43.058859,0.0.70-1683637260-000000000,0.0.98,0.00530149,False
2023-05-09T19:02:43.058858,0.0.70-1683637260-000200000,0.0.4,0.00092508,False
2023-05-09T19:02:43.058858,0.0.70-1683637260-000200000,0.0.70,"-132,311.45637706",False
2023-05-09T19:02:43.058858,0.0.70-1683637260-000200000,0.0.98,0.00530149,False
2023-05-09T19:02:43.058858,0.0.70-1683637260-000200000,0.0.39755,"132,311.45015049",False
2023-04-30T20:05:06.346710,0.0.70-1682863500-000010000,0.0.4,0.00077501,False
2023-04-30T20:05:06.346710,0.0.70-1682863500-000010000,0.0.70,"-25,041,666.67090831",False
2023-04-30T20:05:06.346710,0.0.70-1682863500-000010000,0.0.98,0.00347060,False
2023-04-30T20:05:06.346710,0.0.70-1682863500-000010000,0.0.54895,"25,041,666.66666270",False
2023-04-30T20:05:06.346703,0.0.70-1682863500-000000000,0.0.4,0.00077501,False
2023-04-30T20:05:06.346703,0.0.70-1682863500-000000000,0.0.70,"-25,041,666.67090831",False
2023-04-30T20:05:06.346703,0.0.70-1682863500-000000000,0.0.98,0.00347060,False
2023-04-30T20:05:06.346703,0.0.70-1682863500-000000000,0.0.54795,"25,041,666.66666270",False
2023-04-30T20:04:11.503311,0.0.70-1682863440-000000000,0.0.14,0.00077518,False
2023-04-30T20:04:11.503311,0.0.70-1682863440-000000000,0.0.70,-0.00401314,False
2023-04-30T20:04:11.503311,0.0.70-1682863440-000000000,0.0.98,0.00323796,False
2023-04-30T20:04:11.340417,0.0.70-1682863440-000010000,0.0.14,0.00077518,False
2023-04-30T20:04:11.340417,0.0.70-1682863440-000010000,0.0.70,-0.00401314,False
2023-04-30T20:04:11.340417,0.0.70-1682863440-000010000,0.0.98,0.00323796,False
2023-04-30T20:04:06.676049,0.0.70-1682863440-000010000,0.0.4,0.00077518,False
2023-04-30T20:04:06.676049,0.0.70-1682863440-000010000,0.0.70,"-16,625,000.00424918",False
2023-04-30T20:04:06.676049,0.0.70-1682863440-000010000,0.0.98,0.00347400,False
2023-04-30T20:04:06.676049,0.0.70-1682863440-000010000,0.0.54896,"16,625,000.00000000",False
2023-04-30T20:04:06.676049,0.0.70-1682863440-000000000,0.0.4,0.00077518,False
2023-04-30T20:04:06.676049,0.0.70-1682863440-000000000,0.0.70,"-16,625,000.00424918",False
2023-04-30T20:04:06.676049,0.0.70-1682863440-000000000,0.0.98,0.00347400,False
2023-04-30T20:04:06.676049,0.0.70-1682863440-000000000,0.0.54796,"16,625,000.00000000",False
2023-04-29T21:00:06.664681,0.0.84-1682780400-000000000,0.0.4,0.00081427,False
2023-04-29T21:00:06.664681,0.0.84-1682780400-000000000,0.0.70,"126,000,000.00000000",False
2023-04-29T21:00:06.664681,0.0.84-1682780400-000000000,0.0.84,"-126,000,000.00446066",False
2023-04-29T21:00:06.664681,0.0.84-1682780400-000000000,0.0.98,0.00364640,False
2023-04-07T23:00:12.282805,0.0.70-1680886800-000280000,0.0.14,0.00076243,False
2023-04-07T23:00:12.282805,0.0.70-1680886800-000280000,0.0.70,-0.00490015,False
2023-04-07T23:00:12.282805,0.0.70-1680886800-000280000,0.0.98,0.00413772,False
2023-04-07T23:00:12.282804,0.0.70-1680886800-000100000,0.0.14,0.00076243,False
2023-04-07T23:00:12.282804,0.0.70-1680886800-000100000,0.0.70,-0.00490015,False
2023-04-07T23:00:12.282804,0.0.70-1680886800-000100000,0.0.98,0.00413772,False
2023-04-07T23:00:12.282803,0.0.70-1680886800-000160000,0.0.14,0.00076243,False
2023-04-07T23:00:12.282803,0.0.70-1680886800-000160000,0.0.70,-0.00490015,False
2023-04-07T23:00:12.282803,0.0.70-1680886800-000160000,0.0.98,0.00413772,False
2023-04-07T23:00:12.282802,0.0.70-1680886800-000170000,0.0.14,0.00076243,False
2023-04-07T23:00:12.282802,0.0.70-1680886800-000170000,0.0.70,-0.00490015,False
2023-04-07T23:00:12.282802,0.0.70-1680886800-000170000,0.0.98,0.00413772,False
2023-04-07T23:00:12.282801,0.0.70-1680886800-000360000,0.0.14,0.00076243,False
2023-04-07T23:00:12.282801,0.0.70-1680886800-000360000,0.0.70,-0.00490015,False
2023-04-07T23:00:12.282801,0.0.70-1680886800-000360000,0.0.98,0.00413772,False
2023-04-07T23:00:12.282800,0.0.70-1680886800-000380000,0.0.14,0.00076243,False
2023-04-07T23:00:12.282800,0.0.70-1680886800-000380000,0.0.70,-0.00490015,False
2023-04-07T23:00:12.282800,0.0.70-1680886800-000380000,0.0.98,0.00413772,False
2023-04-07T23:00:12.282799,0.0.70-1680886800-000310000,0.0.14,0.00076243,False
2023-04-07T23:00:12.282799,0.0.70-1680886800-000310000,0.0.70,-0.00490015,False
2023-04-07T23:00:12.282799,0.0.70-1680886800-000310000,0.0.98,0.00413772,False
2023-04-07T23:00:12.282798,0.0.70-1680886800-000040000,0.0.14,0.00076243,False
2023-04-07T23:00:12.282798,0.0.70-1680886800-000040000,0.0.70,-0.00490015,False
2023-04-07T23:00:12.282798,0.0.70-1680886800-000040000,0.0.98,0.00413772,False
2023-04-07T23:00:12.282797,0.0.70-1680886800-000140000,0.0.14,0.00076243,False
2023-04-07T23:00:12.282797,0.0.70-1680886800-000140000,0.0.70,-0.00490015,False
2023-04-07T23:00:12.282797,0.0.70-1680886800-000140000,0.0.98,0.00413772,False
2023-04-07T23:00:12.282796,0.0.70-1680886800-000270000,0.0.14,0.00076243,False
2023-04-07T23:00:12.282796,0.0.70-1680886800-000270000,0.0.70,-0.00490015,False
2023-04-07T23:00:12.282796,0.0.70-1680886800-000270000,0.0.98,0.00413772,False
2023-04-07T23:00:12.282795,0.0.70-1680886800-000300000,0.0.14,0.00076243,False
2023-04-07T23:00:12.282795,0.0.70-1680886800-000300000,0.0.70,-0.00490015,False
2023-04-07T23:00:12.282795,0.0.70-1680886800-000300000,0.0.98,0.00413772,False
2023-04-07T23:00:12.277220,0.0.70-1680886800-000010000,0.0.14,0.00076243,False
2023-04-07T23:00:12.277220,0.0.70-1680886800-000010000,0.0.70,-0.00490015,False
2023-04-07T23:00:12.277220,0.0.70-1680886800-000010000,0.0.98,0.00413772,False
2023-04-07T23:00:12.277219,0.0.70-1680886800-000230000,0.0.14,0.00076243,False
2023-04-07T23:00:12.277219,0.0.70-1680886800-000230000,0.0.70,-0.00490015,False
2023-04-07T23:00:12.277219,0.0.70-1680886800-000230000,0.0.98,0.00413772,False
2023-04-07T23:00:12.277218,0.0.70-1680886800-000070000,0.0.14,0.00076243,False
2023-04-07T23:00:12.277218,0.0.70-1680886800-000070000,0.0.70,-0.00490015,False
2023-04-07T23:00:12.277218,0.0.70-1680886800-000070000,0.0.98,0.00413772,False
2023-04-07T23:00:12.277217,0.0.70-1680886800-000350000,0.0.14,0.00076243,False
2023-04-07T23:00:12.277217,0.0.70-1680886800-000350000,0.0.70,-0.00490015,False
2023-04-07T23:00:12.277217,0.0.70-1680886800-000350000,0.0.98,0.00413772,False
2023-04-07T23:00:12.277216,0.0.70-1680886800-000150000,0.0.14,0.00076243,False
2023-04-07T23:00:12.277216,0.0.70-1680886800-000150000,0.0.70,-0.00490015,False
2023-04-07T23:00:12.277216,0.0.70-1680886800-000150000,0.0.98,0.00413772,False
2023-04-07T23:00:12.277215,0.0.70-1680886800-000120000,0.0.14,0.00076243,False
2023-04-07T23:00:12.277215,0.0.70-1680886800-000120000,0.0.70,-0.00490015,False
2023-04-07T23:00:12.277215,0.0.70-1680886800-000120000,0.0.98,0.00413772,False
2023-04-07T23:00:12.277214,0.0.70-1680886800-000340000,0.0.14,0.00076243,False
2023-04-07T23:00:12.277214,0.0.70-1680886800-000340000,0.0.70,-0.00490015,False
2023-04-07T23:00:12.277214,0.0.70-1680886800-000340000,0.0.98,0.00413772,False
2023-04-07T23:00:12.277213,0.0.70-1680886800-000000000,0.0.14,0.00076243,False
2023-04-07T23:00:12.277213,0.0.70-1680886800-000000000,0.0.70,-0.00490015,False
2023-04-07T23:00:12.277213,0.0.70-1680886800-000000000,0.0.98,0.00413772,False
2023-04-07T23:00:12.277212,0.0.70-1680886800-000060000,0.0.14,0.00076243,False
2023-04-07T23:00:12.277212,0.0.70-1680886800-000060000,0.0.70,-0.00490015,False
2023-04-07T23:00:12.277212,0.0.70-1680886800-000060000,0.0.98,0.00413772,False
2023-04-07T23:00:12.277211,0.0.70-1680886800-000200000,0.0.14,0.00076243,False
2023-04-07T23:00:12.277211,0.0.70-1680886800-000200000,0.0.70,-0.00490015,False
2023-04-07T23:00:12.277211,0.0.70-1680886800-000200000,0.0.98,0.00413772,False
2023-04-07T23:00:12.277210,0.0.70-1680886800-000180000,0.0.14,0.00076243,False
2023-04-07T23:00:12.277210,0.0.70-1680886800-000180000,0.0.70,-0.00490015,False
2023-04-07T23:00:12.277210,0.0.70-1680886800-000180000,0.0.98,0.00413772,False
2023-04-07T23:00:12.277209,0.0.70-1680886800-000020000,0.0.14,0.00076243,False
2023-04-07T23:00:12.277209,0.0.70-1680886800-000020000,0.0.70,-0.00490015,False
2023-04-07T23:00:12.277209,0.0.70-1680886800-000020000,0.0.98,0.00413772,False
2023-04-07T23:00:12.277208,0.0.70-1680886800-000260000,0.0.14,0.00076243,False
2023-04-07T23:00:12.277208,0.0.70-1680886800-000260000,0.0.70,-0.00490015,False
2023-04-07T23:00:12.277208,0.0.70-1680886800-000260000,0.0.98,0.00413772,False
2023-04-07T23:00:12.277207,0.0.70-1680886800-000090000,0.0.14,0.00076243,False
2023-04-07T23:00:12.277207,0.0.70-1680886800-000090000,0.0.70,-0.00490015,False
2023-04-07T23:00:12.277207,0.0.70-1680886800-000090000,0.0.98,0.00413772,False
2023-04-07T23:00:12.277206,0.0.70-1680886800-000330000,0.0.14,0.00076243,False
2023-04-07T23:00:12.277206,0.0.70-1680886800-000330000,0.0.70,-0.00490015,False
2023-04-07T23:00:12.277206,0.0.70-1680886800-000330000,0.0.98,0.00413772,False
2023-04-07T23:00:12.277205,0.0.70-1680886800-000130000,0.0.14,0.00076243,False
2023-04-07T23:00:12.277205,0.0.70-1680886800-000130000,0.0.70,-0.00490015,False
2023-04-07T23:00:12.277205,0.0.70-1680886800-000130000,0.0.98,0.00413772,False
2023-04-07T23:00:12.277204,0.0.70-1680886800-000320000,0.0.14,0.00076243,False
2023-04-07T23:00:12.277204,0.0.70-1680886800-000320000,0.0.70,-0.00490015,False
2023-04-07T23:00:12.277204,0.0.70-1680886800-000320000,0.0.98,0.00413772,False
2023-04-07T23:00:12.144030,0.0.70-1680886800-000080000,0.0.14,0.00076243,False
2023-04-07T23:00:12.144030,0.0.70-1680886800-000080000,0.0.70,-0.00490015,False
2023-04-07T23:00:12.144030,0.0.70-1680886800-000080000,0.0.98,0.00413772,False
2023-04-07T23:00:12.144029,0.0.70-1680886800-000370000,0.0.14,0.00076243,False
2023-04-07T23:00:12.144029,0.0.70-1680886800-000370000,0.0.70,-0.00490015,False
2023-04-07T23:00:12.144029,0.0.70-1680886800-000370000,0.0.98,0.00413772,False
2023-04-07T23:00:12.144028,0.0.70-1680886800-000250000,0.0.14,0.00076243,False
2023-04-07T23:00:12.144028,0.0.70-1680886800-000250000,0.0.70,-0.00490015,False
2023-04-07T23:00:12.144028,0.0.70-1680886800-000250000,0.0.98,0.00413772,False
2023-04-07T23:00:12.144027,0.0.70-1680886800-000190000,0.0.14,0.00076243,False
2023-04-07T23:00:12.144027,0.0.70-1680886800-000190000,0.0.70,-0.00490015,False
2023-04-07T23:00:12.144027,0.0.70-1680886800-000190000,0.0.98,0.00413772,False
2023-04-07T23:00:12.144026,0.0.70-1680886800-000110000,0.0.14,0.00076243,False
2023-04-07T23:00:12.144026,0.0.70-1680886800-000110000,0.0.70,-0.00490015,False
2023-04-07T23:00:12.144026,0.0.70-1680886800-000110000,0.0.98,0.00413772,False
2023-04-07T23:00:12.144025,0.0.70-1680886800-000290000,0.0.14,0.00076243,False
2023-04-07T23:00:12.144025,0.0.70-1680886800-000290000,0.0.70,-0.00490015,False
2023-04-07T23:00:12.144025,0.0.70-1680886800-000290000,0.0.98,0.00413772,False
2023-04-07T23:00:12.144024,0.0.70-1680886800-000210000,0.0.14,0.00076243,False
2023-04-07T23:00:12.144024,0.0.70-1680886800-000210000,0.0.70,-0.00490015,False
2023-04-07T23:00:12.144024,0.0.70-1680886800-000210000,0.0.98,0.00413772,False
2023-04-07T23:00:12.144023,0.0.70-1680886800-000030000,0.0.14,0.00076243,False
2023-04-07T23:00:12.144023,0.0.70-1680886800-000030000,0.0.70,-0.00490015,False
2023-04-07T23:00:12.144023,0.0.70-1680886800-000030000,0.0.98,0.00413772,False
2023-04-07T23:00:12.144022,0.0.70-1680886800-000220000,0.0.14,0.00076243,False
2023-04-07T23:00:12.144022,0.0.70-1680886800-000220000,0.0.70,-0.00490015,False
2023-04-07T23:00:12.144022,0.0.70-1680886800-000220000,0.0.98,0.00413772,False
2023-04-07T23:00:12.144021,0.0.70-1680886800-000240000,0.0.14,0.00076243,False
2023-04-07T23:00:12.144021,0.0.70-1680886800-000240000,0.0.70,-0.00490015,False
2023-04-07T23:00:12.144021,0.0.70-1680886800-000240000,0.0.98,0.00413772,False
2023-04-07T23:00:07.758279,0.0.70-1680886800-000340000,0.0.4,0.00076243,False
2023-04-07T23:00:07.758279,0.0.70-1680886800-000340000,0.0.70,"-135,408.74128163",False
2023-04-07T23:00:07.758279,0.0.70-1680886800-000340000,0.0.98,0.00436935,False
2023-04-07T23:00:07.758279,0.0.70-1680886800-000340000,0.0.1730897,"135,408.73614985",False
2023-04-07T23:00:07.758278,0.0.70-1680886800-000270000,0.0.4,0.00076243,False
2023-04-07T23:00:07.758278,0.0.70-1680886800-000270000,0.0.70,"-40,382.98661783",False
2023-04-07T23:00:07.758278,0.0.70-1680886800-000270000,0.0.98,0.00436935,False
2023-04-07T23:00:07.758278,0.0.70-1680886800-000270000,0.0.47536,"40,382.98148605",False
2023-04-07T23:00:07.758277,0.0.70-1680886800-000010000,0.0.4,0.00076243,False
2023-04-07T23:00:07.758277,0.0.70-1680886800-000010000,0.0.70,"-195,255.20286263",False
2023-04-07T23:00:07.758277,0.0.70-1680886800-000010000,0.0.98,0.00436935,False
2023-04-07T23:00:07.758277,0.0.70-1680886800-000010000,0.0.1026,"195,255.19773085",False
2023-04-07T23:00:07.758276,0.0.70-1680886800-000380000,0.0.4,0.00076243,False
2023-04-07T23:00:07.758276,0.0.70-1680886800-000380000,0.0.70,"-353,727.14758681",False
2023-04-07T23:00:07.758276,0.0.70-1680886800-000380000,0.0.98,0.00436935,False
2023-04-07T23:00:07.758276,0.0.70-1680886800-000380000,0.0.1775446,"353,727.14245503",False
2023-04-07T23:00:07.758275,0.0.70-1680886800-000290000,0.0.4,0.00076243,False
2023-04-07T23:00:07.758275,0.0.70-1680886800-000290000,0.0.70,"-103,763.02363277",False
2023-04-07T23:00:07.758275,0.0.70-1680886800-000290000,0.0.98,0.00436935,False
2023-04-07T23:00:07.758275,0.0.70-1680886800-000290000,0.0.1032812,"103,763.01850099",False
2023-04-07T23:00:07.758272,0.0.70-1680886800-000080000,0.0.4,0.00076243,False
2023-04-07T23:00:07.758272,0.0.70-1680886800-000080000,0.0.70,"-4,051,039.91612762",False
2023-04-07T23:00:07.758272,0.0.70-1680886800-000080000,0.0.98,0.00436935,False
2023-04-07T23:00:07.758272,0.0.70-1680886800-000080000,0.0.6046,"4,051,039.91099584",False
2023-04-07T23:00:07.758271,0.0.70-1680886800-000050000,0.0.4,0.00076243,False
2023-04-07T23:00:07.758271,0.0.70-1680886800-000050000,0.0.70,"-4,042,766.79057890",False
2023-04-07T23:00:07.758271,0.0.70-1680886800-000050000,0.0.98,0.00436935,False
2023-04-07T23:00:07.758271,0.0.70-1680886800-000050000,0.0.800,"-13,201.58772240",False
2023-04-07T23:00:07.758271,0.0.70-1680886800-000050000,0.0.3452,"4,055,968.37316952",False
2023-04-07T23:00:07.758270,0.0.70-1680886800-000210000,0.0.4,0.00076243,False
2023-04-07T23:00:07.758270,0.0.70-1680886800-000210000,0.0.70,"-46,567.12139508",False
2023-04-07T23:00:07.758270,0.0.70-1680886800-000210000,0.0.98,0.00436935,False
2023-04-07T23:00:07.758270,0.0.70-1680886800-000210000,0.0.13393,"46,567.11626330",False
2023-04-07T23:00:07.758269,0.0.70-1680886800-000100000,0.0.4,0.00076243,False
2023-04-07T23:00:07.758269,0.0.70-1680886800-000100000,0.0.70,"-62,089.50014951",False
2023-04-07T23:00:07.758269,0.0.70-1680886800-000100000,0.0.98,0.00436935,False
2023-04-07T23:00:07.758269,0.0.70-1680886800-000100000,0.0.9584,"62,089.49501773",False
2023-04-07T23:00:07.758268,0.0.70-1680886800-000180000,0.0.4,0.00076243,False
2023-04-07T23:00:07.758268,0.0.70-1680886800-000180000,0.0.70,"-52,776.32354399",False
2023-04-07T23:00:07.758268,0.0.70-1680886800-000180000,0.0.98,0.00436935,False
2023-04-07T23:00:07.758268,0.0.70-1680886800-000180000,0.0.13253,"52,776.31841221",False
2023-04-07T23:00:07.758267,0.0.70-1680886800-000360000,0.0.4,0.00076243,False
2023-04-07T23:00:07.758267,0.0.70-1680886800-000360000,0.0.70,"-65,481.07727057",False
2023-04-07T23:00:07.758267,0.0.70-1680886800-000360000,0.0.98,0.00436935,False
2023-04-07T23:00:07.758267,0.0.70-1680886800-000360000,0.0.800,-100.78954032,False
2023-04-07T23:00:07.758267,0.0.70-1680886800-000360000,0.0.1739336,"65,581.86167911",False
2023-04-07T23:00:07.758266,0.0.70-1680886800-000260000,0.0.4,0.00076243,False
2023-04-07T23:00:07.758266,0.0.70-1680886800-000260000,0.0.70,"-6,281,517.46395062",False
2023-04-07T23:00:07.758266,0.0.70-1680886800-000260000,0.0.98,0.00436935,False
2023-04-07T23:00:07.758266,0.0.70-1680886800-000260000,0.0.46450,"6,281,517.45881884",False
2023-04-07T23:00:07.758265,0.0.70-1680886800-000020000,0.0.4,0.00076243,False
2023-04-07T23:00:07.758265,0.0.70-1680886800-000020000,0.0.70,"-88,258.14513178",False
2023-04-07T23:00:07.758265,0.0.70-1680886800-000020000,0.0.98,0.00436935,False
2023-04-07T23:00:07.758265,0.0.70-1680886800-000020000,0.0.800,"-12,742.47682512",False
2023-04-07T23:00:07.758265,0.0.70-1680886800-000020000,0.0.1235,"101,000.61682512",False
2023-04-07T23:00:07.758264,0.0.70-1680886800-000030000,0.0.4,0.00076243,False
2023-04-07T23:00:07.758264,0.0.70-1680886800-000030000,0.0.70,"-176,516.14513178",False
2023-04-07T23:00:07.758264,0.0.70-1680886800-000030000,0.0.98,0.00436935,False
2023-04-07T23:00:07.758264,0.0.70-1680886800-000030000,0.0.1387,"176,516.14000000",False
