time,CONSENSUSCREATETOPIC,CONSENSUSSUBMITMESSAGE,CONTRACTCALL,CRYPTOAPPROVEALLOWANCE,CRYPTOCREATEACCOUNT,CRYPTODELETEALLOWANCE,CRYPTOTRANSFER,CRYPTOUPDATEACCOUNT,FILEUPDATE,SCHEDULECREATE,SCHEDULESIGN,TOKENASSOCIATE,TOKENBURN,TOKENDISSOCIATE,TOKENFREEZE,TOKENGRANTKYC,TOKENMINT,UTILPRNG
2023-06-30 18:00:00,0.0,0.0,0.0,0.0,0.0,0.0,0.0030893445374344302,0.0,0.0,0.0,0.0,0.0,0.0,0.0,0.0,0.0,0.0,0.0
2023-06-30 19:00:00,0.0,0.0,0.0,0.0,0.0,0.0,0.0030881189952437576,0.0,0.0,0.0,0.0,0.0,0.0,0.0,0.0,0.0,0.0,0.0
2023-06-30 20:00:00,0.0,0.0,0.0,0.0,0.0,0.0,0.0034525827023498697,0.0,0.0,0.0,0.0,0.0,0.0,0.0,0.0,0.0,0.0,0.0
2023-06-30 21:00:00,0.0,0.0,0.0,0.0,0.0,0.0,0.0031907842006972113,0.0,0.0,0.0,0.0,0.0,0.0,0.0,0.0,0.0,0.0,0.0
2023-06-30 22:00:00,0.0,0.0,0.0,0.0,0.0,0.0,0.0028302612299219826,0.0,0.0,0.0,0.0,0.0,0.0,0.0,0.0,0.0,0.0,0.0
2023-06-30 23:00:00,0.0,0.0,0.0,0.0,0.0,0.0,0.0033715066591102297,0.0,0.0,0.0,0.0,0.0,0.0,0.0,0.0,0.0,0.0,0.0
2023-07-01 00:00:00,0.0,0.0,0.0,0.0,0.0,0.0,0.006519990030190432,0.0,0.0,0.0,0.0,0.0,0.0,0.0,0.0,0.0,0.0,0.0
2023-07-01 01:00:00,0.0,0.0,0.0,0.0,0.0,0.0,0.0026093635107207443,0.0,0.0,0.0,0.0,0.0,0.0,0.0,0.0,0.0,0.0,0.0
2023-07-01 02:00:00,0.0,0.0,0.0,0.0,0.0,0.0,0.002809518690671031,0.0,0.0,0.0,0.0,0.0,0.0,0.0,0.0,0.0,0.0,0.0
2023-07-01 03:00:00,0.0,0.0,0.0,0.0,0.0,0.0,0.003418302501362398,0.0,0.0,0.0,0.0,0.0,0.0,0.0,0.0,0.0,0.0,0.0
2023-07-01 04:00:00,0.0,0.0,0.0,0.0,0.0,0.0,0.003364428424930918,0.0,0.0,0.0,0.0,0.0,0.0,0.0,0.0,0.0,0.0,0.0
2023-07-01 05:00:00,0.0,0.0,0.0,0.0,0.0,0.0,0.0032888059197124023,0.0,0.0,0.0,0.0,0.0,0.0,0.0,0.0,0.0,0.0,0.0
2023-07-01 06:00:00,0.0,0.0,0.0,0.0,0.0,0.0,0.0033056603049301794,0.0,0.0,0.0,0.0,0.0,0.0,0.0,0.0,0.0,0.0,0.0
2023-07-01 07:00:00,0.0,0.0,0.0,0.0,0.0,0.0,0.004296088826392644,0.0,0.0,0.0,0.0,0.0,0.0,0.0,0.0,0.0,0.0,0.0
2023-07-01 08:00:00,0.0,0.0,0.0,0.0,0.0,0.0,0.006018146497269058,0.0,0.0,0.0,0.0,0.0,0.0,0.0,0.0,0.0,0.0,0.0
2023-07-01 09:00:00,0.0,0.0,0.0,0.0,0.0,0.0,0.005337566483394834,0.0,0.0,0.0,0.0,0.0,0.0,0.0,0.0,0.0,0.0,0.0
2023-07-01 10:00:00,0.0,0.0,0.0,0.0,0.0,0.0,0.006403058334457181,0.0,0.0,0.0,0.0,0.0,0.0,0.0,0.0,0.0,0.0,0.0
2023-07-01 11:00:00,0.0,0.0,0.0,0.0,0.0,0.0,0.005664322488387525,0.0,0.0,0.0,0.0,0.0,0.0,0.0,0.0,0.0,0.0,0.0
2023-07-01 12:00:00,0.0,0.0,0.0,0.0,0.0,0.0,0.007847992630930375,0.0,0.0,0.0,0.0,0.0,0.0,0.0,0.0,0.0,0.0,0.0
2023-07-01 13:00:00,0.0,0.0,0.0,0.0,0.0,0.0,0.005460863182019487,0.0,0.0,0.0,0.0,0.0,0.0,0.0,0.0,0.0,0.0,0.0
2023-07-01 14:00:00,0.0,0.0,0.0,0.0,0.0,0.0,0.005566621063375267,0.0,0.0,0.0,0.0,0.0,0.0,0.0,0.0,0.0,0.0,0.0
2023-07-01 15:00:00,0.0,0.0,0.0,0.0,0.0,0.0,0.0059224012370370374,0.0,0.0,0.0,0.0,0.0,0.0,0.0,0.0,0.0,0.0,0.0
2023-07-01 16:00:00,0.0,0.0,0.0,0.0,0.0,0.0,0.00528527396039604,0.0,0.0,0.0,0.0,0.0,0.0,0.0,0.0,0.0,0.0,0.0
2023-07-01 17:00:00,0.0,0.0,0.0,0.0,0.0,0.0,0.005209207190044196,0.0,0.0,0.0,0.0,0.0,0.0,0.0,0.0,0.0,0.0,0.0
2023-07-01 18:00:00,0.0,0.0,0.0,0.0,0.0,0.0,0.005125062907292954,0.0,0.0,0.0,0.0,0.0,0.0,0.0,0.0,0.0,0.0,0.0
2023-07-01 19:00:00,0.0,0.0,0.0,0.0,0.0,0.0,0.004413141405405406,0.0,0.0,0.0,0.0,0.0,0.0,0.0,0.0,0.0,0.0,0.0
2023-07-01 20:00:00,0.0,0.0,0.0,0.0,0.0,0.0,0.004122592527046336,0.0,0.0,0.0,0.0,0.0,0.0,0.0,0.0,0.0,0.0,0.0
2023-07-01 21:00:00,0.0,0.0,0.0,0.0,0.0,0.0,0.0055147831482929375,0.0,0.0,0.0,0.0,0.0,0.0,0.0,0.0,0.0,0.0,0.0
2023-07-01 22:00:00,0.0,0.0,0.0,0.0,0.0,0.0,0.004794450825659914,0.0,0.0,0.0,0.0,0.0,0.0,0.0,0.0,0.0,0.0,0.0
2023-07-01 23:00:00,0.0,0.0,0.0,0.0,0.0,0.0,0.0034509862613981766,0.0,0.0,0.0,0.0,0.0,0.0,0.0,0.0,0.0,0.0,0.0
2023-07-02 00:00:00,0.0,0.0,0.0,0.0,0.0,0.0,0.007772985666929756,0.0,0.0,0.0,0.0,0.0,0.0,0.0,0.0,0.0,0.0,0.0
2023-07-02 01:00:00,0.0,0.0,0.0,0.0,0.0,0.0,0.00365847140625,0.0,0.0,0.0,0.0,0.0,0.0,0.0,0.0,0.0,0.0,0.0
2023-07-02 02:00:00,0.0,0.0,0.0,0.0,0.0,0.0,0.003298180940310711,0.0,0.0,0.0,0.0,0.0,0.0,0.0,0.0,0.0,0.0,0.0
2023-07-02 03:00:00,0.0,0.0,0.0,0.0,0.0,0.0,0.004224734155069583,0.0,0.0,0.0,0.0,0.0,0.0,0.0,0.0,0.0,0.0,0.0
2023-07-02 04:00:00,0.0,0.0,0.0,0.0,0.0,0.0,0.0036787142306006137,0.0,0.0,0.0,0.0,0.0,0.0,0.0,0.0,0.0,0.0,0.0
2023-07-02 05:00:00,0.0,0.0,0.0,0.0,0.0,0.0,0.003875948216374269,0.0,0.0,0.0,0.0,0.0,0.0,0.0,0.0,0.0,0.0,0.0
2023-07-02 06:00:00,0.0,0.0,0.0,0.0,0.0,0.0,0.003589934388413889,0.0,0.0,0.0,0.0,0.0,0.0,0.0,0.0,0.0,0.0,0.0
2023-07-02 07:00:00,0.0,0.0,0.0,0.0,0.0,0.0,0.0041085201630580055,0.0,0.0,0.0,0.0,0.0,0.0,0.0,0.0,0.0,0.0,0.0
2023-07-02 08:00:00,0.0,0.0,0.0,0.0,0.0,0.0,0.004742442963735977,0.0,0.0,0.0,0.0,0.0,0.0,0.0,0.0,0.0,0.0,0.0
2023-07-02 09:00:00,0.0,0.0,0.0,0.0,0.0,0.0,0.004419894682448037,0.0,0.0,0.0,0.0,0.0,0.0,0.0,0.0,0.0,0.0,0.0
2023-07-02 10:00:00,0.0,0.0,0.0,0.0,0.0,0.0,0.005314336171444322,0.0,0.0,0.0,0.0,0.0,0.0,0.0,0.0,0.0,0.0,0.0
2023-07-02 11:00:00,0.0,0.0,0.0,0.0,0.0,0.0,0.004132241928490991,0.0,0.0,0.0,0.0,0.0,0.0,0.0,0.0,0.0,0.0,0.0
2023-07-02 12:00:00,0.0,0.0,0.0,0.0,0.0,0.0,0.007494305593975392,0.0,0.0,0.0,0.0,0.0,0.0,0.0,0.0,0.0,0.0,0.0
2023-07-02 13:00:00,0.0,0.0,0.0,0.0,0.0,0.0,0.0039782691558253825,0.0,0.0,0.0,0.0,0.0,0.0,0.0,0.0,0.0,0.0,0.0
2023-07-02 14:00:00,0.0,0.0,0.0,0.0,0.0,0.0,0.0032775933785068948,0.0,0.0,0.0,0.0,0.0,0.0,0.0,0.0,0.0,0.0,0.0
2023-07-02 15:00:00,0.0,0.0,0.0,0.0,0.0,0.0,0.002952327620903048,0.0,0.0,0.0,0.0,0.0,0.0,0.0,0.0,0.0,0.0,0.0
2023-07-02 16:00:00,0.0,0.0,0.0,0.0,0.0,0.0,0.00291378767407091,0.0,0.0,0.0,0.0,0.0,0.0,0.0,0.0,0.0,0.0,0.0
2023-07-02 17:00:00,0.0,0.0,0.0,0.0,0.0,0.0,0.003373741999064765,0.0,0.0,0.0,0.0,0.0,0.0,0.0,0.0,0.0,0.0,0.0
2023-07-02 18:00:00,0.0,0.0,0.0,0.0,0.0,0.0,0.00892024753760056,0.0,0.0,0.0,0.0,0.0,0.0,0.0,0.0,0.0,0.0,0.0
2023-07-02 19:00:00,0.0,0.0,0.0,0.0,0.0,0.0,0.00853179914969557,0.0,0.0,0.0,0.0,0.0,0.0,0.0,0.0,0.0,0.0,0.0
2023-07-02 20:00:00,0.0,0.0,0.0,0.0,0.0,0.0,0.004696618711051931,0.0,0.0,0.0,0.0,0.0,0.0,0.0,0.0,0.0,0.0,0.0
2023-07-02 21:00:00,0.0,0.0,0.0,0.0,0.0,0.0,0.0034724482817471798,0.0,0.0,0.0,0.0,0.0,0.0,0.0,0.0,0.0,0.0,0.0
2023-07-02 22:00:00,0.0,0.0,0.0,0.0,0.0,0.0,0.0039484915789473685,0.0,0.0,0.0,0.0,0.0,0.0,0.0,0.0,0.0,0.0,0.0
2023-07-02 23:00:00,0.0,0.0,0.0,0.0,0.0,0.0,0.0031814287450138076,0.0,0.0,0.0,0.0,0.0,0.0,0.0,0.0,0.0,0.0,0.0
2023-07-03 00:00:00,0.0,0.0,0.0,0.0,0.0,0.0,0.007396795332676196,0.0,0.0,0.0,0.0,0.0,0.0,0.0,0.0,0.0,0.0,0.0
2023-07-03 01:00:00,0.0,0.0,0.0,0.0,0.0,0.0,0.013157038570293884,0.0,0.0,0.0,0.0,0.0,0.0,0.0,0.0,0.0,0.0,0.0
2023-07-03 02:00:00,0.0,0.0,0.0,0.0,0.0,0.0,0.004229672579582876,0.0,0.0,0.0,0.0,0.0,0.0,0.0,0.0,0.0,0.0,0.0
2023-07-03 03:00:00,0.0,0.0,0.0,0.0,0.0,0.0,0.004226114351541044,0.0,0.0,0.0,0.0,0.0,0.0,0.0,0.0,0.0,0.0,0.0
2023-07-03 04:00:00,0.0,0.0,0.0,0.0,0.0,0.0,0.003696164685165422,0.0,0.0,0.0,0.0,0.0,0.0,0.0,0.0,0.0,0.0,0.0
2023-07-03 05:00:00,0.0,0.0,0.0,0.0,0.0,0.0,0.003404460118077031,0.0,0.0,0.0,0.0,0.0,0.0,0.0,0.0,0.0,0.0,0.0
2023-07-03 06:00:00,0.0,0.0,0.0,0.0,0.0,0.0,0.003819311206088993,0.0,0.0,0.0,0.0,0.0,0.0,0.0,0.0,0.0,0.0,0.0
2023-07-03 07:00:00,0.0,0.0,0.0,0.0,0.0,0.0,0.0040521402330935255,0.0,0.0,0.0,0.0,0.0,0.0,0.0,0.0,0.0,0.0,0.0
2023-07-03 08:00:00,0.0,0.0,0.0,0.0,0.0,0.0,0.003843922904054826,0.0,0.0,0.0,0.0,0.0,0.0,0.0,0.0,0.0,0.0,0.0
2023-07-03 09:00:00,0.0,0.0,0.0,0.0,0.0,0.0,0.0038755309385474857,0.0,0.0,0.0,0.0,0.0,0.0,0.0,0.0,0.0,0.0,0.0
2023-07-03 10:00:00,0.0,0.0,0.0,0.0,0.0,0.0,0.0038529724512789284,0.0,0.0,0.0,0.0,0.0,0.0,0.0,0.0,0.0,0.0,0.0
2023-07-03 11:00:00,0.0,0.0,0.0,0.0,0.0,0.0,0.0033505396898236665,0.0,0.0,0.0,0.0,0.0,0.0,0.0,0.0,0.0,0.0,0.0
2023-07-03 12:00:00,0.0,0.0,0.0,0.0,0.0,0.0,0.0067060420402781104,0.0,0.0,0.0,0.0,0.0,0.0,0.0,0.0,0.0,0.0,0.0
2023-07-03 13:00:00,0.0,0.0,0.0,0.0,0.0,0.0,0.003573646558497011,0.0,0.0,0.0,0.0,0.0,0.0,0.0,0.0,0.0,0.0,0.0
2023-07-03 14:00:00,0.0,0.0,0.0,0.0,0.0,0.0,0.0032647242911312407,0.0,0.0,0.0,0.0,0.0,0.0,0.0,0.0,0.0,0.0,0.0
2023-07-03 15:00:00,0.0,0.0,0.0,0.0,0.0,0.0,0.007493339600997507,0.0,0.0,0.0,0.0,0.0,0.0,0.0,0.0,0.0,0.0,0.0
2023-07-03 16:00:00,0.0,0.0,0.0,0.0,0.0,0.0,0.003034465639229422,0.0,0.0,0.0,0.0,0.0,0.0,0.0,0.0,0.0,0.0,0.0
2023-07-03 17:00:00,0.0,0.0,0.0,0.0,0.0,0.0,0.0036764714798886923,0.0,0.0,0.0,0.0,0.0,0.0,0.0,0.0,0.0,0.0,0.0
2023-07-03 18:00:00,0.0,0.0,0.0,0.0,0.0,0.0,0.003208829848325258,0.0,0.0,0.0,0.0,0.0,0.0,0.0,0.0,0.0,0.0,0.0
2023-07-03 19:00:00,0.0,0.0,0.0,0.0,0.0,0.0,0.002666311415406427,0.0,0.0,0.0,0.0,0.0,0.0,0.0,0.0,0.0,0.0,0.0
2023-07-03 20:00:00,0.0,0.0,0.0,0.0,0.0,0.0,0.0023467016154553816,0.0,0.0,0.0,0.0,0.0,0.0,0.0,0.0,0.0,0.0,0.0
2023-07-03 21:00:00,0.0,0.0,0.0,0.0,0.0,0.0,0.0025033215843449142,0.0,0.0,0.0,0.0,0.0,0.0,0.0,0.0,0.0,0.0,0.0
2023-07-03 22:00:00,0.0,0.0,0.0,0.0,0.0,0.0,0.002946998932741709,0.0,0.0,0.0,0.0,0.0,0.0,0.0,0.0,0.0,0.0,0.0
2023-07-03 23:00:00,0.0,0.0,0.0,0.0,0.0,0.0,0.0037015111451706192,0.0,0.0,0.0,0.0,0.0,0.0,0.0,0.0,0.0,0.0,0.0
2023-07-04 00:00:00,0.0,0.0,0.0,0.0,0.0,0.0,0.010610423900244052,0.0,0.0,0.0,0.0,0.0,0.0,0.0,0.0,0.0,0.0,0.0
2023-07-04 01:00:00,0.0,0.0,0.0,0.0,0.0,0.0,0.00806035414250048,0.0,0.0,0.0,0.0,0.0,0.0,0.0,0.0,0.0,0.0,0.0
2023-07-04 02:00:00,0.0,0.0,0.0,0.0,0.0,0.0,0.003439506373850868,0.0,0.0,0.0,0.0,0.0,0.0,0.0,0.0,0.0,0.0,0.0
2023-07-04 03:00:00,0.0,0.0,0.0,0.0,0.0,0.0,0.0037492863888888887,0.0,0.0,0.0,0.0,0.0,0.0,0.0,0.0,0.0,0.0,0.0
2023-07-04 04:00:00,0.0,0.0,0.0,0.0,0.0,0.0,0.0026243189343880874,0.0,0.0,0.0,0.0,0.0,0.0,0.0,0.0,0.0,0.0,0.0
2023-07-04 05:00:00,0.0,0.0,0.0,0.0,0.0,0.0,0.003074048115226338,0.0,0.0,0.0,0.0,0.0,0.0,0.0,0.0,0.0,0.0,0.0
2023-07-04 06:00:00,0.0,0.0,0.0,0.0,0.0,0.0,0.004287896054787506,0.0,0.0,0.0,0.0,0.0,0.0,0.0,0.0,0.0,0.0,0.0
2023-07-04 07:00:00,0.0,0.0,0.0,0.0,0.0,0.0,0.005349028267752149,0.0,0.0,0.0,0.0,0.0,0.0,0.0,0.0,0.0,0.0,0.0
2023-07-04 08:00:00,0.0,0.0,0.0,0.0,0.0,0.0,0.003086983534282018,0.0,0.0,0.0,0.0,0.0,0.0,0.0,0.0,0.0,0.0,0.0
2023-07-04 09:00:00,0.0,0.0,0.0,0.0,0.0,0.0,0.004549595483953787,0.0,0.0,0.0,0.0,0.0,0.0,0.0,0.0,0.0,0.0,0.0
2023-07-04 10:00:00,0.0,0.0,0.0,0.0,0.0,0.0,0.005539053868880742,0.0,0.0,0.0,0.0,0.0,0.0,0.0,0.0,0.0,0.0,0.0
2023-07-04 11:00:00,0.0,0.0,0.0,0.0,0.0,0.0,0.0034943159815028903,0.0,0.0,0.0,0.0,0.0,0.0,0.0,0.0,0.0,0.0,0.0
2023-07-04 12:00:00,0.0,0.0,0.0,0.0,0.0,0.0,0.004812298796936298,0.0,0.0,0.0,0.0,0.0,0.0,0.0,0.0,0.0,0.0,0.0
2023-07-04 13:00:00,0.0,0.0,0.0,0.0,0.0,0.0,0.004147463464314354,0.0,0.0,0.0,0.0,0.0,0.0,0.0,0.0,0.0,0.0,0.0
2023-07-04 14:00:00,0.0,0.0,0.0,0.0,0.0,0.0,0.005450618943280082,0.0,0.0,0.0,0.0,0.0,0.0,0.0,0.0,0.0,0.0,0.0
2023-07-04 15:00:00,0.0,0.0,0.0,0.0,0.0,0.0,0.002986663921734711,0.0,0.0,0.0,0.0,0.0,0.0,0.0,0.0,0.0,0.0,0.0
2023-07-04 16:00:00,0.0,0.0,0.0,0.0,0.0,0.0,0.0030961281497975707,0.0,0.0,0.0,0.0,0.0,0.0,0.0,0.0,0.0,0.0,0.0
2023-07-04 17:00:00,0.0,0.0,0.0,0.0,0.0,0.0,0.003764416815706506,0.0,0.0,0.0,0.0,0.0,0.0,0.0,0.0,0.0,0.0,0.0
2023-07-04 18:00:00,0.0,0.0,0.0,0.0,0.0,0.0,0.00425092158501441,0.0,0.0,0.0,0.0,0.0,0.0,0.0,0.0,0.0,0.0,0.0
2023-07-04 19:00:00,0.0,0.0,0.0,0.0,0.0,0.0,0.006454150449864499,0.0,0.0,0.0,0.0,0.0,0.0,0.0,0.0,0.0,0.0,0.0
2023-07-04 20:00:00,0.0,0.0,0.0,0.0,0.0,0.0,0.004277835266235765,0.0,0.0,0.0,0.0,0.0,0.0,0.0,0.0,0.0,0.0,0.0
2023-07-04 21:00:00,0.0,0.0,0.0,0.0,0.0,0.0,0.0031424381150550796,0.0,0.0,0.0,0.0,0.0,0.0,0.0,0.0,0.0,0.0,0.0
2023-07-04 22:00:00,0.0,0.0,0.0,0.0,0.0,0.0,0.004629862974101922,0.0,0.0,0.0,0.0,0.0,0.0,0.0,0.0,0.0,0.0,0.0
2023-07-04 23:00:00,0.0,0.0,0.0,0.0,0.0,0.0,0.013166284696562032,0.0,0.0,0.0,0.0,0.0,0.0,0.0,0.0,0.0,0.0,0.0
2023-07-05 00:00:00,0.0,0.0,0.0,0.0,0.0,0.0,0.008952788345712358,0.0,0.0,0.0,0.0,0.0,0.0,0.0,0.0,0.0,0.0,0.0
2023-07-05 01:00:00,0.0,0.0,0.0,0.0,0.0,0.0,0.003672699736716132,0.0,0.0,0.0,0.0,0.0,0.0,0.0,0.0,0.0,0.0,0.0
2023-07-05 02:00:00,0.0,0.0,0.0,0.0,0.0,0.0,0.005256613519749706,0.0,0.0,0.0,0.0,0.0,0.0,0.0,0.0,0.0,0.0,0.0
2023-07-05 03:00:00,0.0,0.0,0.0,0.0,0.0,0.0,0.0043315048438088075,0.0,0.0,0.0,0.0,0.0,0.0,0.0,0.0,0.0,0.0,0.0
2023-07-05 04:00:00,0.0,0.0,0.0,0.0,0.0,0.0,0.003697913209745763,0.0,0.0,0.0,0.0,0.0,0.0,0.0,0.0,0.0,0.0,0.0
2023-07-05 05:00:00,0.0,0.0,0.0,0.0,0.0,0.0,0.004874130009708738,0.0,0.0,0.0,0.0,0.0,0.0,0.0,0.0,0.0,0.0,0.0
2023-07-05 06:00:00,0.0,0.0,0.0,0.0,0.0,0.0,0.0036075670698101654,0.0,0.0,0.0,0.0,0.0,0.0,0.0,0.0,0.0,0.0,0.0
2023-07-05 07:00:00,0.0,0.0,0.0,0.0,0.0,0.0,0.0034342057204968944,0.0,0.0,0.0,0.0,0.0,0.0,0.0,0.0,0.0,0.0,0.0
2023-07-05 08:00:00,0.0,0.0,0.0,0.0,0.0,0.0,0.006967707336157488,0.0,0.0,0.0,0.0,0.0,0.0,0.0,0.0,0.0,0.0,0.0
2023-07-05 09:00:00,0.0,0.0,0.0,0.0,0.0,0.0,0.00452371851553166,0.0,0.0,0.0,0.0,0.0,0.0,0.0,0.0,0.0,0.0,0.0
2023-07-05 10:00:00,0.0,0.0,0.0,0.0,0.0,0.0,0.0031425830602477478,0.0,0.0,0.0,0.0,0.0,0.0,0.0,0.0,0.0,0.0,0.0
2023-07-05 11:00:00,0.0,0.0,0.0,0.0,0.0,0.0,0.002957223697916667,0.0,0.0,0.0,0.0,0.0,0.0,0.0,0.0,0.0,0.0,0.0
2023-07-05 12:00:00,0.0,0.0,0.0,0.0,0.0,0.0,0.006378857865853659,0.0,0.0,0.0,0.0,0.0,0.0,0.0,0.0,0.0,0.0,0.0
2023-07-05 13:00:00,0.0,0.0,0.0,0.0,0.0,0.0,0.003934921153346329,0.0,0.0,0.0,0.0,0.0,0.0,0.0,0.0,0.0,0.0,0.0
2023-07-05 14:00:00,0.0,0.0,0.0,0.0,0.0,0.0,0.0030396278624182315,0.0,0.0,0.0,0.0,0.0,0.0,0.0,0.0,0.0,0.0,0.0
2023-07-05 15:00:00,0.0,0.0,0.0,0.0,0.0,0.0,0.003147608150154799,0.0,0.0,0.0,0.0,0.0,0.0,0.0,0.0,0.0,0.0,0.0
2023-07-05 16:00:00,0.0,0.0,0.0,0.0,0.0,0.0,0.00399619844295302,0.0,0.0,0.0,0.0,0.0,0.0,0.0,0.0,0.0,0.0,0.0
2023-07-05 17:00:00,0.0,0.0,0.0,0.0,0.0,0.0,0.004957977312396694,0.0,0.0,0.0,0.0,0.0,0.0,0.0,0.0,0.0,0.0,0.0
2023-07-05 18:00:00,0.0,0.0,0.0,0.0,0.0,0.0,0.004501381671249618,0.0,0.0,0.0,0.0,0.0,0.0,0.0,0.0,0.0,0.0,0.0
2023-07-05 19:00:00,0.0,0.0,0.0,0.0,0.0,0.0,0.0044917552886115444,0.0,0.0,0.0,0.0,0.0,0.0,0.0,0.0,0.0,0.0,0.0
2023-07-05 20:00:00,0.0,0.0,0.0,0.0,0.0,0.0,0.002987001745303949,0.0,0.0,0.0,0.0,0.0,0.0,0.0,0.0,0.0,0.0,0.0
2023-07-05 21:00:00,0.0,0.0,0.0,0.0,0.0,0.0,0.0037302338839741407,0.0,0.0,0.0,0.0,0.0,0.0,0.0,0.0,0.0,0.0,0.0
2023-07-05 22:00:00,0.0,0.0,0.0,0.0,0.0,0.0,0.0035619436202860857,0.0,0.0,0.0,0.0,0.0,0.0,0.0,0.0,0.0,0.0,0.0
2023-07-05 23:00:00,0.0,0.0,0.0,0.0,0.0,0.0,0.00344494234885127,0.0,0.0,0.0,0.0,0.0,0.0,0.0,0.0,0.0,0.0,0.0
2023-07-06 00:00:00,0.0,0.0,0.0,0.0,0.0,0.0,0.00704952561906535,0.0,0.0,0.0,0.0,0.0,0.0,0.0,0.0,0.0,0.0,0.0
2023-07-06 01:00:00,0.0,0.0,0.0,0.0,0.0,0.0,0.0028848721295303453,0.0,0.0,0.0,0.0,0.0,0.0,0.0,0.0,0.0,0.0,0.0
2023-07-06 02:00:00,0.0,0.0,0.0,0.0,0.0,0.0,0.0050381335041841,0.0,0.0,0.0,0.0,0.0,0.0,0.0,0.0,0.0,0.0,0.0
2023-07-06 03:00:00,0.0,0.0,0.0,0.0,0.0,0.0,0.0049225197079530636,0.0,0.0,0.0,0.0,0.0,0.0,0.0,0.0,0.0,0.0,0.0
2023-07-06 04:00:00,0.0,0.0,0.0,0.0,0.0,0.0,0.007480610790793744,0.0,0.0,0.0,0.0,0.0,0.0,0.0,0.0,0.0,0.0,0.0
2023-07-06 05:00:00,0.0,0.0,0.0,0.0,0.0,0.0,0.005415742594980429,0.0,0.0,0.0,0.0,0.0,0.0,0.0,0.0,0.0,0.0,0.0
2023-07-06 06:00:00,0.0,0.0,0.0,0.0,0.0,0.0,0.005929254243398393,0.0,0.0,0.0,0.0,0.0,0.0,0.0,0.0,0.0,0.0,0.0
2023-07-06 07:00:00,0.0,0.0,0.0,0.0,0.0,0.0,0.004605666797619048,0.0,0.0,0.0,0.0,0.0,0.0,0.0,0.0,0.0,0.0,0.0
2023-07-06 08:00:00,0.0,0.0,0.0,0.0,0.0,0.0,0.0032024271837776514,0.0,0.0,0.0,0.0,0.0,0.0,0.0,0.0,0.0,0.0,0.0
2023-07-06 09:00:00,0.0,0.0,0.0,0.0,0.0,0.0,0.0036549939941613587,0.0,0.0,0.0,0.0,0.0,0.0,0.0,0.0,0.0,0.0,0.0
2023-07-06 10:00:00,0.0,0.0,0.0,0.0,0.0,0.0,0.004111015547309833,0.0,0.0,0.0,0.0,0.0,0.0,0.0,0.0,0.0,0.0,0.0
2023-07-06 11:00:00,0.0,0.0,0.0,0.0,0.0,0.0,0.0034197813811320753,0.0,0.0,0.0,0.0,0.0,0.0,0.0,0.0,0.0,0.0,0.0
2023-07-06 12:00:00,0.0,0.0,0.0,0.0,0.0,0.0,0.00649013980836644,0.0,0.0,0.0,0.0,0.0,0.0,0.0,0.0,0.0,0.0,0.0
2023-07-06 13:00:00,0.0,0.0,0.0,0.0,0.0,0.0,0.0044172673838905096,0.0,0.0,0.0,0.0,0.0,0.0,0.0,0.0,0.0,0.0,0.0
2023-07-06 14:00:00,0.0,0.0,0.0,0.0,0.0,0.0,0.005587599064812738,0.0,0.0,0.0,0.0,0.0,0.0,0.0,0.0,0.0,0.0,0.0
2023-07-06 15:00:00,0.0,0.0,0.0,0.0,0.0,0.0,0.0053368641475095785,0.0,0.0,0.0,0.0,0.0,0.0,0.0,0.0,0.0,0.0,0.0
2023-07-06 16:00:00,0.0,0.0,0.0,0.0,0.0,0.0,0.005594702861990951,0.0,0.0,0.0,0.0,0.0,0.0,0.0,0.0,0.0,0.0,0.0
2023-07-06 17:00:00,0.0,0.0,0.0,0.0,0.0,0.0,0.006844097753031428,0.0,0.0,0.0,0.0,0.0,0.0,0.0,0.0,0.0,0.0,0.0
2023-07-06 18:00:00,0.0,0.0,0.0,0.0,0.0,0.0,0.005974379511246876,0.0,0.0,0.0,0.0,0.0,0.0,0.0,0.0,0.0,0.0,0.0
2023-07-06 19:00:00,0.0,0.0,0.0,0.0,0.0,0.0,0.0065630705192034145,0.0,0.0,0.0,0.0,0.0,0.0,0.0,0.0,0.0,0.0,0.0
2023-07-06 20:00:00,0.0,0.0,0.0,0.0,0.0,0.0,0.005002868967037179,0.0,0.0,0.0,0.0,0.0,0.0,0.0,0.0,0.0,0.0,0.0
2023-07-06 21:00:00,0.0,0.0,0.0,0.0,0.0,0.0,0.006016394773761714,0.0,0.0,0.0,0.0,0.0,0.0,0.0,0.0,0.0,0.0,0.0
2023-07-06 22:00:00,0.0,0.0,0.0,0.0,0.0,0.0,0.006536238978845652,0.0,0.0,0.0,0.0,0.0,0.0,0.0,0.0,0.0,0.0,0.0
2023-07-06 23:00:00,0.0,0.0,0.0,0.0,0.0,0.0,0.0046124991220755154,0.0,0.0,0.0,0.0,0.0,0.0,0.0,0.0,0.0,0.0,0.0
2023-07-07 00:00:00,0.0,0.0,0.0,0.0,0.0,0.0,0.008924567321884428,0.0,0.0,0.0,0.0,0.0,0.0,0.0,0.0,0.0,0.0,0.0
2023-07-07 01:00:00,0.0,0.0,0.0,0.0,0.0,0.0,0.005203627602941177,0.0,0.0,0.0,0.0,0.0,0.0,0.0,0.0,0.0,0.0,0.0
2023-07-07 02:00:00,0.0,0.0,0.0,0.0,0.0,0.0,0.004532908298985934,0.0,0.0,0.0,0.0,0.0,0.0,0.0,0.0,0.0,0.0,0.0
2023-07-07 03:00:00,0.0,0.0,0.0,0.0,0.0,0.0,0.004527133338160753,0.0,0.0,0.0,0.0,0.0,0.0,0.0,0.0,0.0,0.0,0.0
2023-07-07 04:00:00,0.0,0.0,0.0,0.0,0.0,0.0,0.00426572388,0.0,0.0,0.0,0.0,0.0,0.0,0.0,0.0,0.0,0.0,0.0
2023-07-07 05:00:00,0.0,0.0,0.0,0.0,0.0,0.0,0.00492691923916752,0.0,0.0,0.0,0.0,0.0,0.0,0.0,0.0,0.0,0.0,0.0
2023-07-07 06:00:00,0.0,0.0,0.0,0.0,0.0,0.0,0.006126646513677811,0.0,0.0,0.0,0.0,0.0,0.0,0.0,0.0,0.0,0.0,0.0
2023-07-07 07:00:00,0.0,0.0,0.0,0.0,0.0,0.0,0.004610633123883264,0.0,0.0,0.0,0.0,0.0,0.0,0.0,0.0,0.0,0.0,0.0
2023-07-07 08:00:00,0.0,0.0,0.0,0.0,0.0,0.0,0.003627465972989564,0.0,0.0,0.0,0.0,0.0,0.0,0.0,0.0,0.0,0.0,0.0
2023-07-07 09:00:00,0.0,0.0,0.0,0.0,0.0,0.0,0.0043533971978371505,0.0,0.0,0.0,0.0,0.0,0.0,0.0,0.0,0.0,0.0,0.0
2023-07-07 10:00:00,0.0,0.0,0.0,0.0,0.0,0.0,0.004615953931286105,0.0,0.0,0.0,0.0,0.0,0.0,0.0,0.0,0.0,0.0,0.0
2023-07-07 11:00:00,0.0,0.0,0.0,0.0,0.0,0.0,0.0052686777338447925,0.0,0.0,0.0,0.0,0.0,0.0,0.0,0.0,0.0,0.0,0.0
2023-07-07 12:00:00,0.0,0.0,0.0,0.0,0.0,0.0,0.00875753805365597,0.0,0.0,0.0,0.0,0.0,0.0,0.0,0.0,0.0,0.0,0.0
2023-07-07 13:00:00,0.0,0.0,0.0,0.0,0.0,0.0,0.005635161179418643,0.0,0.0,0.0,0.0,0.0,0.0,0.0,0.0,0.0,0.0,0.0
2023-07-07 14:00:00,0.0,0.0,0.0,0.0,0.0,0.0,0.004983302145646681,0.0,0.0,0.0,0.0,0.0,0.0,0.0,0.0,0.0,0.0,0.0
2023-07-07 15:00:00,0.0,0.0,0.0,0.0,0.0,0.0,0.005088333196885987,0.0,0.0,0.0,0.0,0.0,0.0,0.0,0.0,0.0,0.0,0.0
2023-07-07 16:00:00,0.0,0.0,0.0,0.0,0.0,0.0,0.004568649848950333,0.0,0.0,0.0,0.0,0.0,0.0,0.0,0.0,0.0,0.0,0.0
2023-07-07 17:00:00,0.0,0.0,0.0,0.0,0.0,0.0,0.004986624711538461,0.0,0.0,0.0,0.0,0.0,0.0,0.0,0.0,0.0,0.0,0.0
2023-07-07 18:00:00,0.0,0.0,0.0,0.0,0.0,0.0,0.004757673683631362,0.0,0.0,0.0,0.0,0.0,0.0,0.0,0.0,0.0,0.0,0.0
2023-07-07 19:00:00,0.0,0.0,0.0,0.0,0.0,0.0,0.006130751472300066,0.0,0.0,0.0,0.0,0.0,0.0,0.0,0.0,0.0,0.0,0.0
2023-07-07 20:00:00,0.0,0.0,0.0,0.0,0.0,0.0,0.002937739954545455,0.0,0.0,0.0,0.0,0.0,0.0,0.0,0.0,0.0,0.0,0.0
2023-07-07 21:00:00,0.0,0.0,0.0,0.0,0.0,0.0,0.004929618867330017,0.0,0.0,0.0,0.0,0.0,0.0,0.0,0.0,0.0,0.0,0.0
2023-07-07 22:00:00,0.0,0.0,0.0,0.0,0.0,0.0,0.004603820200476379,0.0,0.0,0.0,0.0,0.0,0.0,0.0,0.0,0.0,0.0,0.0
2023-07-07 23:00:00,0.0,0.0,0.0,0.0,0.0,0.0,0.013674367780191694,0.0,0.0,0.0,0.0,0.0,0.0,0.0,0.0,0.0,0.0,0.0
2023-07-08 00:00:00,0.0,0.0,0.0,0.0,0.0,0.0,0.009061120103407755,0.0,0.0,0.0,0.0,0.0,0.0,0.0,0.0,0.0,0.0,0.0
2023-07-08 01:00:00,0.0,0.0,0.0,0.0,0.0,0.0,0.006683223797850907,0.0,0.0,0.0,0.0,0.0,0.0,0.0,0.0,0.0,0.0,0.0
2023-07-08 02:00:00,0.0,0.0,0.0,0.0,0.0,0.0,0.0048848400424628445,0.0,0.0,0.0,0.0,0.0,0.0,0.0,0.0,0.0,0.0,0.0
2023-07-08 03:00:00,0.0,0.0,0.0,0.0,0.0,0.0,0.0062962541344956414,0.0,0.0,0.0,0.0,0.0,0.0,0.0,0.0,0.0,0.0,0.0
2023-07-08 04:00:00,0.0,0.0,0.0,0.0,0.0,0.0,0.004799687289719626,0.0,0.0,0.0,0.0,0.0,0.0,0.0,0.0,0.0,0.0,0.0
2023-07-08 05:00:00,0.0,0.0,0.0,0.0,0.0,0.0,0.006497425821489483,0.0,0.0,0.0,0.0,0.0,0.0,0.0,0.0,0.0,0.0,0.0
2023-07-08 06:00:00,0.0,0.0,0.0,0.0,0.0,0.0,0.006269546916449086,0.0,0.0,0.0,0.0,0.0,0.0,0.0,0.0,0.0,0.0,0.0
2023-07-08 07:00:00,0.0,0.0,0.0,0.0,0.0,0.0,0.005811797799338479,0.0,0.0,0.0,0.0,0.0,0.0,0.0,0.0,0.0,0.0,0.0
2023-07-08 08:00:00,0.0,0.0,0.0,0.0,0.0,0.0,0.006747662807118255,0.0,0.0,0.0,0.0,0.0,0.0,0.0,0.0,0.0,0.0,0.0
2023-07-08 09:00:00,0.0,0.0,0.0,0.0,0.0,0.0,0.005580180741786448,0.0,0.0,0.0,0.0,0.0,0.0,0.0,0.0,0.0,0.0,0.0
2023-07-08 10:00:00,0.0,0.0,0.0,0.0,0.0,0.0,0.006040391181387573,0.0,0.0,0.0,0.0,0.0,0.0,0.0,0.0,0.0,0.0,0.0
2023-07-08 11:00:00,0.0,0.0,0.0,0.0,0.0,0.0,0.005866588412698413,0.0,0.0,0.0,0.0,0.0,0.0,0.0,0.0,0.0,0.0,0.0
2023-07-08 12:00:00,0.0,0.0,0.0,0.0,0.0,0.0,0.00666380207230583,0.0,0.0,0.0,0.0,0.0,0.0,0.0,0.0,0.0,0.0,0.0
2023-07-08 13:00:00,0.0,0.0,0.0,0.0,0.0,0.0,0.005264320719276613,0.0,0.0,0.0,0.0,0.0,0.0,0.0,0.0,0.0,0.0,0.0
2023-07-08 14:00:00,0.0,0.0,0.0,0.0,0.0,0.0,0.00582773864978903,0.0,0.0,0.0,0.0,0.0,0.0,0.0,0.0,0.0,0.0,0.0
2023-07-08 15:00:00,0.0,0.0,0.0,0.0,0.0,0.0,0.004810878110542477,0.0,0.0,0.0,0.0,0.0,0.0,0.0,0.0,0.0,0.0,0.0
2023-07-08 16:00:00,0.0,0.0,0.0,0.0,0.0,0.0,0.0051789361566484515,0.0,0.0,0.0,0.0,0.0,0.0,0.0,0.0,0.0,0.0,0.0
2023-07-08 17:00:00,0.0,0.0,0.0,0.0,0.0,0.0,0.0066028427969465646,0.0,0.0,0.0,0.0,0.0,0.0,0.0,0.0,0.0,0.0,0.0
2023-07-08 18:00:00,0.0,0.0,0.0,0.0,0.0,0.0,0.006702043174150629,0.0,0.0,0.0,0.0,0.0,0.0,0.0,0.0,0.0,0.0,0.0
2023-07-08 19:00:00,0.0,0.0,0.0,0.0,0.0,0.0,0.006960357817807514,0.0,0.0,0.0,0.0,0.0,0.0,0.0,0.0,0.0,0.0,0.0
2023-07-08 20:00:00,0.0,0.0,0.0,0.0,0.0,0.0,0.007268275832819247,0.0,0.0,0.0,0.0,0.0,0.0,0.0,0.0,0.0,0.0,0.0
2023-07-08 21:00:00,0.0,0.0,0.0,0.0,0.0,0.0,0.006067624256825076,0.0,0.0,0.0,0.0,0.0,0.0,0.0,0.0,0.0,0.0,0.0
2023-07-08 22:00:00,0.0,0.0,0.0,0.0,0.0,0.0,0.0040957476264044945,0.0,0.0,0.0,0.0,0.0,0.0,0.0,0.0,0.0,0.0,0.0
2023-07-08 23:00:00,0.0,0.0,0.0,0.0,0.0,0.0,0.005603089431468961,0.0,0.0,0.0,0.0,0.0,0.0,0.0,0.0,0.0,0.0,0.0
2023-07-09 00:00:00,0.0,0.0,0.0,0.0,0.0,0.0,0.009044080381515315,0.0,0.0,0.0,0.0,0.0,0.0,0.0,0.0,0.0,0.0,0.0
2023-07-09 01:00:00,0.0,0.0,0.0,0.0,0.0,0.0,0.005394204035532995,0.0,0.0,0.0,0.0,0.0,0.0,0.0,0.0,0.0,0.0,0.0
2023-07-09 02:00:00,0.0,0.0,0.0,0.0,0.0,0.0,0.005582463644366197,0.0,0.0,0.0,0.0,0.0,0.0,0.0,0.0,0.0,0.0,0.0
2023-07-09 03:00:00,0.0,0.0,0.0,0.0,0.0,0.0,0.005298008791208791,0.0,0.0,0.0,0.0,0.0,0.0,0.0,0.0,0.0,0.0,0.0
2023-07-09 04:00:00,0.0,0.0,0.0,0.0,0.0,0.0,0.005157458274952919,0.0,0.0,0.0,0.0,0.0,0.0,0.0,0.0,0.0,0.0,0.0
2023-07-09 05:00:00,0.0,0.0,0.0,0.0,0.0,0.0,0.00455968576629681,0.0,0.0,0.0,0.0,0.0,0.0,0.0,0.0,0.0,0.0,0.0
2023-07-09 06:00:00,0.0,0.0,0.0,0.0,0.0,0.0,0.004196552130846836,0.0,0.0,0.0,0.0,0.0,0.0,0.0,0.0,0.0,0.0,0.0
2023-07-09 07:00:00,0.0,0.0,0.0,0.0,0.0,0.0,0.0038566272575372325,0.0,0.0,0.0,0.0,0.0,0.0,0.0,0.0,0.0,0.0,0.0
2023-07-09 08:00:00,0.0,0.0,0.0,0.0,0.0,0.0,0.00415736063247204,0.0,0.0,0.0,0.0,0.0,0.0,0.0,0.0,0.0,0.0,0.0
2023-07-09 09:00:00,0.0,0.0,0.0,0.0,0.0,0.0,0.003962106076320939,0.0,0.0,0.0,0.0,0.0,0.0,0.0,0.0,0.0,0.0,0.0
2023-07-09 10:00:00,0.0,0.0,0.0,0.0,0.0,0.0,0.00420702829336114,0.0,0.0,0.0,0.0,0.0,0.0,0.0,0.0,0.0,0.0,0.0
2023-07-09 11:00:00,0.0,0.0,0.0,0.0,0.0,0.0,0.013138275488731655,0.0,0.0,0.0,0.0,0.0,0.0,0.0,0.0,0.0,0.0,0.0
2023-07-09 12:00:00,0.0,0.0,0.0,0.0,0.0,0.0,0.0073663611883075615,0.0,0.0,0.0,0.0,0.0,0.0,0.0,0.0,0.0,0.0,0.0
2023-07-09 13:00:00,0.0,0.0,0.0,0.0,0.0,0.0,0.005604400514560362,0.0,0.0,0.0,0.0,0.0,0.0,0.0,0.0,0.0,0.0,0.0
2023-07-09 14:00:00,0.0,0.0,0.0,0.0,0.0,0.0,0.005370551936976005,0.0,0.0,0.0,0.0,0.0,0.0,0.0,0.0,0.0,0.0,0.0
2023-07-09 15:00:00,0.0,0.0,0.0,0.0,0.0,0.0,0.004259630504973221,0.0,0.0,0.0,0.0,0.0,0.0,0.0,0.0,0.0,0.0,0.0
2023-07-09 16:00:00,0.0,0.0,0.0,0.0,0.0,0.0,0.006841418202109394,0.0,0.0,0.0,0.0,0.0,0.0,0.0,0.0,0.0,0.0,0.0
2023-07-09 17:00:00,0.0,0.0,0.0,0.0,0.0,0.0,0.006062941532033426,0.0,0.0,0.0,0.0,0.0,0.0,0.0,0.0,0.0,0.0,0.0
2023-07-09 18:00:00,0.0,0.0,0.0,0.0,0.0,0.0,0.00589136007655332,0.0,0.0,0.0,0.0,0.0,0.0,0.0,0.0,0.0,0.0,0.0
2023-07-09 19:00:00,0.0,0.0,0.0,0.0,0.0,0.0,0.006974432426632428,0.0,0.0,0.0,0.0,0.0,0.0,0.0,0.0,0.0,0.0,0.0
2023-07-09 20:00:00,0.0,0.0,0.0,0.0,0.0,0.0,0.005272592340659341,0.0,0.0,0.0,0.0,0.0,0.0,0.0,0.0,0.0,0.0,0.0
2023-07-09 21:00:00,0.0,0.0,0.0,0.0,0.0,0.0,0.00371810939186468,0.0,0.0,0.0,0.0,0.0,0.0,0.0,0.0,0.0,0.0,0.0
2023-07-09 22:00:00,0.0,0.0,0.0,0.0,0.0,0.0,0.0034921315510115297,0.0,0.0,0.0,0.0,0.0,0.0,0.0,0.0,0.0,0.0,0.0
2023-07-09 23:00:00,0.0,0.0,0.0,0.0,0.0,0.0,0.004181098454502814,0.0,0.0,0.0,0.0,0.0,0.0,0.0,0.0,0.0,0.0,0.0
2023-07-10 00:00:00,0.0,0.0,0.0,0.0,0.0,0.0,0.006896386388787101,0.0,0.0,0.0,0.0,0.0,0.0,0.0,0.0,0.0,0.0,0.0
2023-07-10 01:00:00,0.0,0.0,0.0,0.0,0.0,0.0,0.006252435913773369,0.0,0.0,0.0,0.0,0.0,0.0,0.0,0.0,0.0,0.0,0.0
2023-07-10 02:00:00,0.0,0.0,0.0,0.0,0.0,0.0,0.006047903705489614,0.0,0.0,0.0,0.0,0.0,0.0,0.0,0.0,0.0,0.0,0.0
2023-07-10 03:00:00,0.0,0.0,0.0,0.0,0.0,0.0,0.006931105830005704,0.0,0.0,0.0,0.0,0.0,0.0,0.0,0.0,0.0,0.0,0.0
2023-07-10 04:00:00,0.0,0.0,0.0,0.0,0.0,0.0,0.0056359642417061605,0.0,0.0,0.0,0.0,0.0,0.0,0.0,0.0,0.0,0.0,0.0
2023-07-10 05:00:00,0.0,0.0,0.0,0.0,0.0,0.0,0.00509846437896071,0.0,0.0,0.0,0.0,0.0,0.0,0.0,0.0,0.0,0.0,0.0
2023-07-10 06:00:00,0.0,0.0,0.0,0.0,0.0,0.0,0.005066782051667167,0.0,0.0,0.0,0.0,0.0,0.0,0.0,0.0,0.0,0.0,0.0
2023-07-10 07:00:00,0.0,0.0,0.0,0.0,0.0,0.0,0.005629486276150628,0.0,0.0,0.0,0.0,0.0,0.0,0.0,0.0,0.0,0.0,0.0
2023-07-10 08:00:00,0.0,0.0,0.0,0.0,0.0,0.0,0.00490488337944664,0.0,0.0,0.0,0.0,0.0,0.0,0.0,0.0,0.0,0.0,0.0
2023-07-10 09:00:00,0.0,0.0,0.0,0.0,0.0,0.0,0.005763956163838812,0.0,0.0,0.0,0.0,0.0,0.0,0.0,0.0,0.0,0.0,0.0
2023-07-10 10:00:00,0.0,0.0,0.0,0.0,0.0,0.0,0.004569088761279737,0.0,0.0,0.0,0.0,0.0,0.0,0.0,0.0,0.0,0.0,0.0
2023-07-10 11:00:00,0.0,0.0,0.0,0.0,0.0,0.0,0.004062564379881287,0.0,0.0,0.0,0.0,0.0,0.0,0.0,0.0,0.0,0.0,0.0
2023-07-10 12:00:00,0.0,0.0,0.0,0.0,0.0,0.0,0.005945139310266332,0.0,0.0,0.0,0.0,0.0,0.0,0.0,0.0,0.0,0.0,0.0
2023-07-10 13:00:00,0.0,0.0,0.0,0.0,0.0,0.0,0.0032886646099706744,0.0,0.0,0.0,0.0,0.0,0.0,0.0,0.0,0.0,0.0,0.0
2023-07-10 14:00:00,0.0,0.0,0.0,0.0,0.0,0.0,0.0030016891190536117,0.0,0.0,0.0,0.0,0.0,0.0,0.0,0.0,0.0,0.0,0.0
2023-07-10 15:00:00,0.0,0.0,0.0,0.0,0.0,0.0,0.008272697665642826,0.0,0.0,0.0,0.0,0.0,0.0,0.0,0.0,0.0,0.0,0.0
2023-07-10 16:00:00,0.0,0.0,0.0,0.0,0.0,0.0,0.0034852885267588696,0.0,0.0,0.0,0.0,0.0,0.0,0.0,0.0,0.0,0.0,0.0
2023-07-10 17:00:00,0.0,0.0,0.0,0.0,0.0,0.0,0.004337319398076326,0.0,0.0,0.0,0.0,0.0,0.0,0.0,0.0,0.0,0.0,0.0
2023-07-10 18:00:00,0.0,0.0,0.0,0.0,0.0,0.0,0.003352145125974805,0.0,0.0,0.0,0.0,0.0,0.0,0.0,0.0,0.0,0.0,0.0
2023-07-10 19:00:00,0.0,0.0,0.0,0.0,0.0,0.0,0.003786052062091503,0.0,0.0,0.0,0.0,0.0,0.0,0.0,0.0,0.0,0.0,0.0
2023-07-10 20:00:00,0.0,0.0,0.0,0.0,0.0,0.0,0.004549321837628866,0.0,0.0,0.0,0.0,0.0,0.0,0.0,0.0,0.0,0.0,0.0
2023-07-10 21:00:00,0.0,0.0,0.0,0.0,0.0,0.0,0.0038444739749652294,0.0,0.0,0.0,0.0,0.0,0.0,0.0,0.0,0.0,0.0,0.0
2023-07-10 22:00:00,0.0,0.0,0.0,0.0,0.0,0.0,0.004270933907898945,0.0,0.0,0.0,0.0,0.0,0.0,0.0,0.0,0.0,0.0,0.0
2023-07-10 23:00:00,0.0,0.0,0.0,0.0,0.0,0.0,0.0031003739431396784,0.0,0.0,0.0,0.0,0.0,0.0,0.0,0.0,0.0,0.0,0.0
2023-07-11 00:00:00,0.0,0.0,0.0,0.0,0.0,0.0,0.00800938271546009,0.0,0.0,0.0,0.0,0.0,0.0,0.0,0.0,0.0,0.0,0.0
2023-07-11 01:00:00,0.0,0.0,0.0,0.0,0.0,0.0,0.004066393920308483,0.0,0.0,0.0,0.0,0.0,0.0,0.0,0.0,0.0,0.0,0.0
2023-07-11 02:00:00,0.0,0.0,0.0,0.0,0.0,0.0,0.005367621549601738,0.0,0.0,0.0,0.0,0.0,0.0,0.0,0.0,0.0,0.0,0.0
2023-07-11 03:00:00,0.0,0.0,0.0,0.0,0.0,0.0,0.004373688687782805,0.0,0.0,0.0,0.0,0.0,0.0,0.0,0.0,0.0,0.0,0.0
2023-07-11 04:00:00,0.0,0.0,0.0,0.0,0.0,0.0,0.003792070244956772,0.0,0.0,0.0,0.0,0.0,0.0,0.0,0.0,0.0,0.0,0.0
2023-07-11 05:00:00,0.0,0.0,0.0,0.0,0.0,0.0,0.0038056274424393276,0.0,0.0,0.0,0.0,0.0,0.0,0.0,0.0,0.0,0.0,0.0
2023-07-11 06:00:00,0.0,0.0,0.0,0.0,0.0,0.0,0.002124842105696637,0.0,0.0,0.0,0.0,0.0,0.0,0.0,0.0,0.0,0.0,0.0
2023-07-11 07:00:00,0.0,0.0,0.0,0.0,0.0,0.0,0.0023709518832522583,0.0,0.0,0.0,0.0,0.0,0.0,0.0,0.0,0.0,0.0,0.0
2023-07-11 08:00:00,0.0,0.0,0.0,0.0,0.0,0.0,0.0033670434400800598,0.0,0.0,0.0,0.0,0.0,0.0,0.0,0.0,0.0,0.0,0.0
2023-07-11 09:00:00,0.0,0.0,0.0,0.0,0.0,0.0,0.003470515162765671,0.0,0.0,0.0,0.0,0.0,0.0,0.0,0.0,0.0,0.0,0.0
2023-07-11 10:00:00,0.0,0.0,0.0,0.0,0.0,0.0,0.0028445348683591915,0.0,0.0,0.0,0.0,0.0,0.0,0.0,0.0,0.0,0.0,0.0
2023-07-11 11:00:00,0.0,0.0,0.0,0.0,0.0,0.0,0.004409542532137519,0.0,0.0,0.0,0.0,0.0,0.0,0.0,0.0,0.0,0.0,0.0
2023-07-11 12:00:00,0.0,0.0,0.0,0.0,0.0,0.0,0.018254004740271494,0.0,0.0,0.0,0.0,0.0,0.0,0.0,0.0,0.0,0.0,0.0
2023-07-11 13:00:00,0.0,0.0,0.0,0.0,0.0,0.0,0.004703991430292081,0.0,0.0,0.0,0.0,0.0,0.0,0.0,0.0,0.0,0.0,0.0
2023-07-11 14:00:00,0.0,0.0,0.0,0.0,0.0,0.0,0.003208491109741061,0.0,0.0,0.0,0.0,0.0,0.0,0.0,0.0,0.0,0.0,0.0
2023-07-11 15:00:00,0.0,0.0,0.0,0.0,0.0,0.0,0.0024073640975286847,0.0,0.0,0.0,0.0,0.0,0.0,0.0,0.0,0.0,0.0,0.0
2023-07-11 16:00:00,0.0,0.0,0.0,0.0,0.0,0.0,0.004028933913385826,0.0,0.0,0.0,0.0,0.0,0.0,0.0,0.0,0.0,0.0,0.0
2023-07-11 17:00:00,0.0,0.0,0.0,0.0,0.0,0.0,0.003050920318423048,0.0,0.0,0.0,0.0,0.0,0.0,0.0,0.0,0.0,0.0,0.0
2023-07-11 18:00:00,0.0,0.0,0.0,0.0,0.0,0.0,0.0046860327199484365,0.0,0.0,0.0,0.0,0.0,0.0,0.0,0.0,0.0,0.0,0.0
2023-07-11 19:00:00,0.0,0.0,0.0,0.0,0.0,0.0,0.0036407203610930383,0.0,0.0,0.0,0.0,0.0,0.0,0.0,0.0,0.0,0.0,0.0
2023-07-11 20:00:00,0.0,0.0,0.0,0.0,0.0,0.0,0.003943547441300421,0.0,0.0,0.0,0.0,0.0,0.0,0.0,0.0,0.0,0.0,0.0
2023-07-11 21:00:00,0.0,0.0,0.0,0.0,0.0,0.0,0.0035132670770543074,0.0,0.0,0.0,0.0,0.0,0.0,0.0,0.0,0.0,0.0,0.0
2023-07-11 22:00:00,0.0,0.0,0.0,0.0,0.0,0.0,0.002673393831775701,0.0,0.0,0.0,0.0,0.0,0.0,0.0,0.0,0.0,0.0,0.0
2023-07-11 23:00:00,0.0,0.0,0.0,0.0,0.0,0.0,0.003780559207104345,0.0,0.0,0.0,0.0,0.0,0.0,0.0,0.0,0.0,0.0,0.0
2023-07-12 00:00:00,0.0,0.0,0.0,0.0,0.0,0.0,0.007209618858078603,0.0,0.0,0.0,0.0,0.0,0.0,0.0,0.0,0.0,0.0,0.0
2023-07-12 01:00:00,0.0,0.0,0.0,0.0,0.0,0.0,0.014468231117147708,0.0,0.0,0.0,0.0,0.0,0.0,0.0,0.0,0.0,0.0,0.0
2023-07-12 02:00:00,0.0,0.0,0.0,0.0,0.0,0.0,0.006463468740293357,0.0,0.0,0.0,0.0,0.0,0.0,0.0,0.0,0.0,0.0,0.0
2023-07-12 03:00:00,0.0,0.0,0.0,0.0,0.0,0.0,0.005366467174762703,0.0,0.0,0.0,0.0,0.0,0.0,0.0,0.0,0.0,0.0,0.0
2023-07-12 04:00:00,0.0,0.0,0.0,0.0,0.0,0.0,0.005661505497806277,0.0,0.0,0.0,0.0,0.0,0.0,0.0,0.0,0.0,0.0,0.0
2023-07-12 05:00:00,0.0,0.0,0.0,0.0,0.0,0.0,0.004876542931281317,0.0,0.0,0.0,0.0,0.0,0.0,0.0,0.0,0.0,0.0,0.0
2023-07-12 06:00:00,0.0,0.0,0.0,0.0,0.0,0.0,0.004806896156896064,0.0,0.0,0.0,0.0,0.0,0.0,0.0,0.0,0.0,0.0,0.0
2023-07-12 07:00:00,0.0,0.0,0.0,0.0,0.0,0.0,0.00409917874510984,0.0,0.0,0.0,0.0,0.0,0.0,0.0,0.0,0.0,0.0,0.0
2023-07-12 08:00:00,0.0,0.0,0.0,0.0,0.0,0.0,0.003950654510569106,0.0,0.0,0.0,0.0,0.0,0.0,0.0,0.0,0.0,0.0,0.0
2023-07-12 09:00:00,0.0,0.0,0.0,0.0,0.0,0.0,0.0033302784182076815,0.0,0.0,0.0,0.0,0.0,0.0,0.0,0.0,0.0,0.0,0.0
2023-07-12 10:00:00,0.0,0.0,0.0,0.0,0.0,0.0,0.0030227359316688566,0.0,0.0,0.0,0.0,0.0,0.0,0.0,0.0,0.0,0.0,0.0
2023-07-12 11:00:00,0.0,0.0,0.0,0.0,0.0,0.0,0.0032246094305521168,0.0,0.0,0.0,0.0,0.0,0.0,0.0,0.0,0.0,0.0,0.0
2023-07-12 12:00:00,0.0,0.0,0.0,0.0,0.0,0.0,0.007077308140617345,0.0,0.0,0.0,0.0,0.0,0.0,0.0,0.0,0.0,0.0,0.0
2023-07-12 13:00:00,0.0,0.0,0.0,0.0,0.0,0.0,0.004885127579529737,0.0,0.0,0.0,0.0,0.0,0.0,0.0,0.0,0.0,0.0,0.0
2023-07-12 14:00:00,0.0,0.0,0.0,0.0,0.0,0.0,0.003702599618711951,0.0,0.0,0.0,0.0,0.0,0.0,0.0,0.0,0.0,0.0,0.0
2023-07-12 15:00:00,0.0,0.0,0.0,0.0,0.0,0.0,0.003076357686139748,0.0,0.0,0.0,0.0,0.0,0.0,0.0,0.0,0.0,0.0,0.0
2023-07-12 16:00:00,0.0,0.0,0.0,0.0,0.0,0.0,0.006371305395965071,0.0,0.0,0.0,0.0,0.0,0.0,0.0,0.0,0.0,0.0,0.0
2023-07-12 17:00:00,0.0,0.0,0.0,0.0,0.0,0.0,0.008202825575021193,0.0,0.0,0.0,0.0,0.0,0.0,0.0,0.0,0.0,0.0,0.0
2023-07-12 18:00:00,0.0,0.0,0.0,0.0,0.0,0.0,0.00498657596814491,0.0,0.0,0.0,0.0,0.0,0.0,0.0,0.0,0.0,0.0,0.0
2023-07-12 19:00:00,0.0,0.0,0.0,0.0,0.0,0.0,0.004576407942001871,0.0,0.0,0.0,0.0,0.0,0.0,0.0,0.0,0.0,0.0,0.0
2023-07-12 20:00:00,0.0,0.0,0.0,0.0,0.0,0.0,0.005881075176304654,0.0,0.0,0.0,0.0,0.0,0.0,0.0,0.0,0.0,0.0,0.0
2023-07-12 21:00:00,0.0,0.0,0.0,0.0,0.0,0.0,0.0049242477849636215,0.0,0.0,0.0,0.0,0.0,0.0,0.0,0.0,0.0,0.0,0.0
2023-07-12 22:00:00,0.0,0.0,0.0,0.0,0.0,0.0,0.004424221280043208,0.0,0.0,0.0,0.0,0.0,0.0,0.0,0.0,0.0,0.0,0.0
2023-07-12 23:00:00,0.0,0.0,0.0,0.0,0.0,0.0,0.006119532553125962,0.0,0.0,0.0,0.0,0.0,0.0,0.0,0.0,0.0,0.0,0.0
2023-07-13 00:00:00,0.0,0.0,0.0,0.0,0.0,0.0,0.008085247911839503,0.0,0.0,0.0,0.0,0.0,0.0,0.0,0.0,0.0,0.0,0.0
2023-07-13 01:00:00,0.0,0.0,0.0,0.0,0.0,0.0,0.004643639343645485,0.0,0.0,0.0,0.0,0.0,0.0,0.0,0.0,0.0,0.0,0.0
2023-07-13 02:00:00,0.0,0.0,0.0,0.0,0.0,0.0,0.004449681841900311,0.0,0.0,0.0,0.0,0.0,0.0,0.0,0.0,0.0,0.0,0.0
2023-07-13 03:00:00,0.0,0.0,0.0,0.0,0.0,0.0,0.0039036656415154408,0.0,0.0,0.0,0.0,0.0,0.0,0.0,0.0,0.0,0.0,0.0
2023-07-13 04:00:00,0.0,0.0,0.0,0.0,0.0,0.0,0.0029962510347551342,0.0,0.0,0.0,0.0,0.0,0.0,0.0,0.0,0.0,0.0,0.0
2023-07-13 05:00:00,0.0,0.0,0.0,0.0,0.0,0.0,0.0023460802854996243,0.0,0.0,0.0,0.0,0.0,0.0,0.0,0.0,0.0,0.0,0.0
2023-07-13 06:00:00,0.0,0.0,0.0,0.0,0.0,0.0,0.002651335656370656,0.0,0.0,0.0,0.0,0.0,0.0,0.0,0.0,0.0,0.0,0.0
2023-07-13 07:00:00,0.0,0.0,0.0,0.0,0.0,0.0,0.0032296712688553685,0.0,0.0,0.0,0.0,0.0,0.0,0.0,0.0,0.0,0.0,0.0
2023-07-13 08:00:00,0.0,0.0,0.0,0.0,0.0,0.0,0.006372733338983051,0.0,0.0,0.0,0.0,0.0,0.0,0.0,0.0,0.0,0.0,0.0
2023-07-13 09:00:00,0.0,0.0,0.0,0.0,0.0,0.0,0.0035921129986833445,0.0,0.0,0.0,0.0,0.0,0.0,0.0,0.0,0.0,0.0,0.0
2023-07-13 10:00:00,0.0,0.0,0.0,0.0,0.0,0.0,0.0032193633034333434,0.0,0.0,0.0,0.0,0.0,0.0,0.0,0.0,0.0,0.0,0.0
2023-07-13 11:00:00,0.0,0.0,0.0,0.0,0.0,0.0,0.003740613474848377,0.0,0.0,0.0,0.0,0.0,0.0,0.0,0.0,0.0,0.0,0.0
2023-07-13 12:00:00,0.0,0.0,0.0,0.0,0.0,0.0,0.00685955909643548,0.0,0.0,0.0,0.0,0.0,0.0,0.0,0.0,0.0,0.0,0.0
2023-07-13 13:00:00,0.0,0.0,0.0,0.0,0.0,0.0,0.0032628302045908187,0.0,0.0,0.0,0.0,0.0,0.0,0.0,0.0,0.0,0.0,0.0
2023-07-14 07:00:00,0.0,0.0,0.0,0.0,0.0,0.0,0.00222710703438949,0.0,0.0,0.0,0.0,0.0,0.0,0.0,0.0,0.0,0.0,0.0
2023-07-14 08:00:00,0.0,0.0,0.0,0.0,0.0,0.0,0.0034840901059941523,0.0,0.0,0.0,0.0,0.0,0.0,0.0,0.0,0.0,0.0,0.0
2023-07-14 09:00:00,0.0,0.0,0.0,0.0,0.0,0.0,0.0028621079909706545,0.0,0.0,0.0,0.0,0.0,0.0,0.0,0.0,0.0,0.0,0.0
2023-07-14 10:00:00,0.0,0.0,0.0,0.0,0.0,0.0,0.00321363138507241,0.0,0.0,0.0,0.0,0.0,0.0,0.0,0.0,0.0,0.0,0.0
2023-07-14 11:00:00,0.0,0.0,0.0,0.0,0.0,0.0,0.003324264122079879,0.0,0.0,0.0,0.0,0.0,0.0,0.0,0.0,0.0,0.0,0.0
2023-07-14 12:00:00,0.0,0.0,0.0,0.0,0.0,0.0,0.006249402491309386,0.0,0.0,0.0,0.0,0.0,0.0,0.0,0.0,0.0,0.0,0.0
2023-07-14 13:00:00,0.0,0.0,0.0,0.0,0.0,0.0,0.0026794129835575487,0.0,0.0,0.0,0.0,0.0,0.0,0.0,0.0,0.0,0.0,0.0
2023-07-14 14:00:00,0.0,0.0,0.0,0.0,0.0,0.0,0.0025960692513102073,0.0,0.0,0.0,0.0,0.0,0.0,0.0,0.0,0.0,0.0,0.0
2023-07-14 15:00:00,0.0,0.0,0.0,0.0,0.0,0.0,0.002692739374828626,0.0,0.0,0.0,0.0,0.0,0.0,0.0,0.0,0.0,0.0,0.0
2023-07-14 16:00:00,0.0,0.0,0.0,0.0,0.0,0.0,0.00227445030085197,0.0,0.0,0.0,0.0,0.0,0.0,0.0,0.0,0.0,0.0,0.0
2023-07-14 17:00:00,0.0,0.0,0.0,0.0,0.0,0.0,0.00287042617499261,0.0,0.0,0.0,0.0,0.0,0.0,0.0,0.0,0.0,0.0,0.0
2023-07-14 18:00:00,0.0,0.0,0.0,0.0,0.0,0.0,0.0023685529481907897,0.0,0.0,0.0,0.0,0.0,0.0,0.0,0.0,0.0,0.0,0.0
2023-07-14 19:00:00,0.0,0.0,0.0,0.0,0.0,0.0,0.0034938861068934102,0.0,0.0,0.0,0.0,0.0,0.0,0.0,0.0,0.0,0.0,0.0
2023-07-14 20:00:00,0.0,0.0,0.0,0.0,0.0,0.0,0.0036016042288701715,0.0,0.0,0.0,0.0,0.0,0.0,0.0,0.0,0.0,0.0,0.0
2023-07-14 21:00:00,0.0,0.0,0.0,0.0,0.0,0.0,0.002919380367480493,0.0,0.0,0.0,0.0,0.0,0.0,0.0,0.0,0.0,0.0,0.0
2023-07-14 22:00:00,0.0,0.0,0.0,0.0,0.0,0.0,0.003580317516556291,0.0,0.0,0.0,0.0,0.0,0.0,0.0,0.0,0.0,0.0,0.0
2023-07-14 23:00:00,0.0,0.0,0.0,0.0,0.0,0.0,0.0034919401682018424,0.0,0.0,0.0,0.0,0.0,0.0,0.0,0.0,0.0,0.0,0.0
2023-07-15 00:00:00,0.0,0.0,0.0,0.0,0.0,0.0,0.007951904747071352,0.0,0.0,0.0,0.0,0.0,0.0,0.0,0.0,0.0,0.0,0.0
2023-07-15 01:00:00,0.0,0.0,0.0,0.0,0.0,0.0,0.0034726435242718448,0.0,0.0,0.0,0.0,0.0,0.0,0.0,0.0,0.0,0.0,0.0
2023-07-15 02:00:00,0.0,0.0,0.0,0.0,0.0,0.0,0.0051507757234139665,0.0,0.0,0.0,0.0,0.0,0.0,0.0,0.0,0.0,0.0,0.0
2023-07-15 03:00:00,0.0,0.0,0.0,0.0,0.0,0.0,0.004392129392831017,0.0,0.0,0.0,0.0,0.0,0.0,0.0,0.0,0.0,0.0,0.0
2023-07-15 04:00:00,0.0,0.0,0.0,0.0,0.0,0.0,0.004333172868949233,0.0,0.0,0.0,0.0,0.0,0.0,0.0,0.0,0.0,0.0,0.0
2023-07-15 05:00:00,0.0,0.0,0.0,0.0,0.0,0.0,0.0029171520540935674,0.0,0.0,0.0,0.0,0.0,0.0,0.0,0.0,0.0,0.0,0.0
2023-07-15 06:00:00,0.0,0.0,0.0,0.0,0.0,0.0,0.0032202045478547854,0.0,0.0,0.0,0.0,0.0,0.0,0.0,0.0,0.0,0.0,0.0
2023-07-15 07:00:00,0.0,0.0,0.0,0.0,0.0,0.0,0.002587648828598787,0.0,0.0,0.0,0.0,0.0,0.0,0.0,0.0,0.0,0.0,0.0
2023-07-15 08:00:00,0.0,0.0,0.0,0.0,0.0,0.0,0.0028893099431438127,0.0,0.0,0.0,0.0,0.0,0.0,0.0,0.0,0.0,0.0,0.0
2023-07-15 09:00:00,0.0,0.0,0.0,0.0,0.0,0.0,0.004159755352238806,0.0,0.0,0.0,0.0,0.0,0.0,0.0,0.0,0.0,0.0,0.0
2023-07-15 10:00:00,0.0,0.0,0.0,0.0,0.0,0.0,0.007910162678478374,0.0,0.0,0.0,0.0,0.0,0.0,0.0,0.0,0.0,0.0,0.0
2023-07-15 11:00:00,0.0,0.0,0.0,0.0,0.0,0.0,0.0023626393909493026,0.0,0.0,0.0,0.0,0.0,0.0,0.0,0.0,0.0,0.0,0.0
2023-07-15 12:00:00,0.0,0.0,0.0,0.0,0.0,0.0,0.004757018443700693,0.0,0.0,0.0,0.0,0.0,0.0,0.0,0.0,0.0,0.0,0.0
2023-07-15 13:00:00,0.0,0.0,0.0,0.0,0.0,0.0,0.001974622998315553,0.0,0.0,0.0,0.0,0.0,0.0,0.0,0.0,0.0,0.0,0.0
2023-07-15 23:00:00,0.0,0.0,0.0,0.0,0.0,0.0,0.009021306702979815,0.0,0.0,0.0,0.0,0.0,0.0,0.0,0.0,0.0,0.0,0.0
2023-07-16 00:00:00,0.0,0.0,0.0,0.0,0.0,0.0,0.01269739295303366,0.0,0.0,0.0,0.0,0.0,0.0,0.0,0.0,0.0,0.0,0.0
2023-07-16 01:00:00,0.0,0.0,0.0,0.0,0.0,0.0,0.012221297284205101,0.0,0.0,0.0,0.0,0.0,0.0,0.0,0.0,0.0,0.0,0.0
2023-07-16 02:00:00,0.0,0.0,0.0,0.0,0.0,0.0,0.012122286082621081,0.0,0.0,0.0,0.0,0.0,0.0,0.0,0.0,0.0,0.0,0.0
2023-07-16 03:00:00,0.0,0.0,0.0,0.0,0.0,0.0,0.009522835728991205,0.0,0.0,0.0,0.0,0.0,0.0,0.0,0.0,0.0,0.0,0.0
2023-07-16 04:00:00,0.0,0.0,0.0,0.0,0.0,0.0,0.011078484090392913,0.0,0.0,0.0,0.0,0.0,0.0,0.0,0.0,0.0,0.0,0.0
2023-07-16 05:00:00,0.0,0.0,0.0,0.0,0.0,0.0,0.011857360519700266,0.0,0.0,0.0,0.0,0.0,0.0,0.0,0.0,0.0,0.0,0.0
2023-07-16 06:00:00,0.0,0.0,0.0,0.0,0.0,0.0,0.009296804127964919,0.0,0.0,0.0,0.0,0.0,0.0,0.0,0.0,0.0,0.0,0.0
2023-07-16 07:00:00,0.0,0.0,0.0,0.0,0.0,0.0,0.003096626531329923,0.0,0.0,0.0,0.0,0.0,0.0,0.0,0.0,0.0,0.0,0.0
2023-07-16 08:00:00,0.0,0.0,0.0,0.0,0.0,0.0,0.004172211477866852,0.0,0.0,0.0,0.0,0.0,0.0,0.0,0.0,0.0,0.0,0.0
2023-07-16 09:00:00,0.0,0.0,0.0,0.0,0.0,0.0,0.0038113752185548614,0.0,0.0,0.0,0.0,0.0,0.0,0.0,0.0,0.0,0.0,0.0
2023-07-16 10:00:00,0.0,0.0,0.0,0.0,0.0,0.0,0.003066691508986097,0.0,0.0,0.0,0.0,0.0,0.0,0.0,0.0,0.0,0.0,0.0
2023-07-16 11:00:00,0.0,0.0,0.0,0.0,0.0,0.0,0.004938182672143975,0.0,0.0,0.0,0.0,0.0,0.0,0.0,0.0,0.0,0.0,0.0
2023-07-16 12:00:00,0.0,0.0,0.0,0.0,0.0,0.0,0.007732621402203037,0.0,0.0,0.0,0.0,0.0,0.0,0.0,0.0,0.0,0.0,0.0
2023-07-16 13:00:00,0.0,0.0,0.0,0.0,0.0,0.0,0.005367538677974557,0.0,0.0,0.0,0.0,0.0,0.0,0.0,0.0,0.0,0.0,0.0
2023-07-16 14:00:00,0.0,0.0,0.0,0.0,0.0,0.0,0.003687626707317073,0.0,0.0,0.0,0.0,0.0,0.0,0.0,0.0,0.0,0.0,0.0
2023-07-16 15:00:00,0.0,0.0,0.0,0.0,0.0,0.0,0.0036660649985661028,0.0,0.0,0.0,0.0,0.0,0.0,0.0,0.0,0.0,0.0,0.0
2023-07-16 16:00:00,0.0,0.0,0.0,0.0,0.0,0.0,0.004960296387726639,0.0,0.0,0.0,0.0,0.0,0.0,0.0,0.0,0.0,0.0,0.0
2023-07-16 17:00:00,0.0,0.0,0.0,0.0,0.0,0.0,0.0036237776087678516,0.0,0.0,0.0,0.0,0.0,0.0,0.0,0.0,0.0,0.0,0.0
2023-07-16 18:00:00,0.0,0.0,0.0,0.0,0.0,0.0,0.0033544048397823457,0.0,0.0,0.0,0.0,0.0,0.0,0.0,0.0,0.0,0.0,0.0
2023-07-16 19:00:00,0.0,0.0,0.0,0.0,0.0,0.0,0.011531297530130161,0.0,0.0,0.0,0.0,0.0,0.0,0.0,0.0,0.0,0.0,0.0
2023-07-16 20:00:00,0.0,0.0,0.0,0.0,0.0,0.0,0.003193394130116959,0.0,0.0,0.0,0.0,0.0,0.0,0.0,0.0,0.0,0.0,0.0
2023-07-16 21:00:00,0.0,0.0,0.0,0.0,0.0,0.0,0.0050607900541746334,0.0,0.0,0.0,0.0,0.0,0.0,0.0,0.0,0.0,0.0,0.0
2023-07-16 22:00:00,0.0,0.0,0.0,0.0,0.0,0.0,0.002982339054813774,0.0,0.0,0.0,0.0,0.0,0.0,0.0,0.0,0.0,0.0,0.0
2023-07-16 23:00:00,0.0,0.0,0.0,0.0,0.0,0.0,0.0038994142400655472,0.0,0.0,0.0,0.0,0.0,0.0,0.0,0.0,0.0,0.0,0.0
2023-07-17 00:00:00,0.0,0.0,0.0,0.0,0.0,0.0,0.007135557642915199,0.0,0.0,0.0,0.0,0.0,0.0,0.0,0.0,0.0,0.0,0.0
2023-07-17 01:00:00,0.0,0.0,0.0,0.0,0.0,0.0,0.00618983572016461,0.0,0.0,0.0,0.0,0.0,0.0,0.0,0.0,0.0,0.0,0.0
2023-07-17 02:00:00,0.0,0.0,0.0,0.0,0.0,0.0,0.006496141577002053,0.0,0.0,0.0,0.0,0.0,0.0,0.0,0.0,0.0,0.0,0.0
2023-07-17 03:00:00,0.0,0.0,0.0,0.0,0.0,0.0,0.0037198992468490625,0.0,0.0,0.0,0.0,0.0,0.0,0.0,0.0,0.0,0.0,0.0
2023-07-17 04:00:00,0.0,0.0,0.0,0.0,0.0,0.0,0.004783294284116332,0.0,0.0,0.0,0.0,0.0,0.0,0.0,0.0,0.0,0.0,0.0
2023-07-17 05:00:00,0.0,0.0,0.0,0.0,0.0,0.0,0.003341010034103827,0.0,0.0,0.0,0.0,0.0,0.0,0.0,0.0,0.0,0.0,0.0
2023-07-17 06:00:00,0.0,0.0,0.0,0.0,0.0,0.0,0.003113812405776682,0.0,0.0,0.0,0.0,0.0,0.0,0.0,0.0,0.0,0.0,0.0
2023-07-17 07:00:00,0.0,0.0,0.0,0.0,0.0,0.0,0.003740867145187602,0.0,0.0,0.0,0.0,0.0,0.0,0.0,0.0,0.0,0.0,0.0
2023-07-17 08:00:00,0.0,0.0,0.0,0.0,0.0,0.0,0.0033905992316692665,0.0,0.0,0.0,0.0,0.0,0.0,0.0,0.0,0.0,0.0,0.0
2023-07-17 09:00:00,0.0,0.0,0.0,0.0,0.0,0.0,0.009109152321364453,0.0,0.0,0.0,0.0,0.0,0.0,0.0,0.0,0.0,0.0,0.0
2023-07-17 10:00:00,0.0,0.0,0.0,0.0,0.0,0.0,0.0030846949561723885,0.0,0.0,0.0,0.0,0.0,0.0,0.0,0.0,0.0,0.0,0.0
2023-07-17 11:00:00,0.0,0.0,0.0,0.0,0.0,0.0,0.0035905900130548305,0.0,0.0,0.0,0.0,0.0,0.0,0.0,0.0,0.0,0.0,0.0
2023-07-17 12:00:00,0.0,0.0,0.0,0.0,0.0,0.0,0.00726748576007326,0.0,0.0,0.0,0.0,0.0,0.0,0.0,0.0,0.0,0.0,0.0
2023-07-17 13:00:00,0.0,0.0,0.0,0.0,0.0,0.0,0.0031792206313799626,0.0,0.0,0.0,0.0,0.0,0.0,0.0,0.0,0.0,0.0,0.0
2023-07-17 14:00:00,0.0,0.0,0.0,0.0,0.0,0.0,0.0032112230059007287,0.0,0.0,0.0,0.0,0.0,0.0,0.0,0.0,0.0,0.0,0.0
2023-07-17 15:00:00,0.0,0.0,0.0,0.0,0.0,0.0,0.009511995654923217,0.0,0.0,0.0,0.0,0.0,0.0,0.0,0.0,0.0,0.0,0.0
2023-07-17 16:00:00,0.0,0.0,0.0,0.0,0.0,0.0,0.0030674132309322037,0.0,0.0,0.0,0.0,0.0,0.0,0.0,0.0,0.0,0.0,0.0
2023-07-17 17:00:00,0.0,0.0,0.0,0.0,0.0,0.0,0.004734432117286055,0.0,0.0,0.0,0.0,0.0,0.0,0.0,0.0,0.0,0.0,0.0
2023-07-17 18:00:00,0.0,0.0,0.0,0.0,0.0,0.0,0.005008856556359876,0.0,0.0,0.0,0.0,0.0,0.0,0.0,0.0,0.0,0.0,0.0
2023-07-17 19:00:00,0.0,0.0,0.0,0.0,0.0,0.0,0.003933218840716305,0.0,0.0,0.0,0.0,0.0,0.0,0.0,0.0,0.0,0.0,0.0
2023-07-17 20:00:00,0.0,0.0,0.0,0.0,0.0,0.0,0.0036961238733431516,0.0,0.0,0.0,0.0,0.0,0.0,0.0,0.0,0.0,0.0,0.0
2023-07-17 21:00:00,0.0,0.0,0.0,0.0,0.0,0.0,0.004109781675475687,0.0,0.0,0.0,0.0,0.0,0.0,0.0,0.0,0.0,0.0,0.0
2023-07-17 22:00:00,0.0,0.0,0.0,0.0,0.0,0.0,0.004382336474337471,0.0,0.0,0.0,0.0,0.0,0.0,0.0,0.0,0.0,0.0,0.0
2023-07-17 23:00:00,0.0,0.0,0.0,0.0,0.0,0.0,0.0035752689686644355,0.0,0.0,0.0,0.0,0.0,0.0,0.0,0.0,0.0,0.0,0.0
2023-07-18 00:00:00,0.0,0.0,0.0,0.0,0.0,0.0,0.007607635741811176,0.0,0.0,0.0,0.0,0.0,0.0,0.0,0.0,0.0,0.0,0.0
2023-07-18 01:00:00,0.0,0.0,0.0,0.0,0.0,0.0,0.004604450766079476,0.0,0.0,0.0,0.0,0.0,0.0,0.0,0.0,0.0,0.0,0.0
2023-07-18 02:00:00,0.0,0.0,0.0,0.0,0.0,0.0,0.004375547891699956,0.0,0.0,0.0,0.0,0.0,0.0,0.0,0.0,0.0,0.0,0.0
2023-07-18 03:00:00,0.0,0.0,0.0,0.0,0.0,0.0,0.004504639732360097,0.0,0.0,0.0,0.0,0.0,0.0,0.0,0.0,0.0,0.0,0.0
2023-07-18 04:00:00,0.0,0.0,0.0,0.0,0.0,0.0,0.005021541053423627,0.0,0.0,0.0,0.0,0.0,0.0,0.0,0.0,0.0,0.0,0.0
2023-07-18 05:00:00,0.0,0.0,0.0,0.0,0.0,0.0,0.004191494170653907,0.0,0.0,0.0,0.0,0.0,0.0,0.0,0.0,0.0,0.0,0.0
2023-07-18 06:00:00,0.0,0.0,0.0,0.0,0.0,0.0,0.002544054943277311,0.0,0.0,0.0,0.0,0.0,0.0,0.0,0.0,0.0,0.0,0.0
2023-07-18 07:00:00,0.0,0.0,0.0,0.0,0.0,0.0,0.0033655369684579437,0.0,0.0,0.0,0.0,0.0,0.0,0.0,0.0,0.0,0.0,0.0
2023-07-18 08:00:00,0.0,0.0,0.0,0.0,0.0,0.0,0.0037934657380386833,0.0,0.0,0.0,0.0,0.0,0.0,0.0,0.0,0.0,0.0,0.0
2023-07-18 09:00:00,0.0,0.0,0.0,0.0,0.0,0.0,0.012420900446338293,0.0,0.0,0.0,0.0,0.0,0.0,0.0,0.0,0.0,0.0,0.0
2023-07-18 10:00:00,0.0,0.0,0.0,0.0,0.0,0.0,0.003668254883169658,0.0,0.0,0.0,0.0,0.0,0.0,0.0,0.0,0.0,0.0,0.0
2023-07-18 11:00:00,0.0,0.0,0.0,0.0,0.0,0.0,0.0033234604173794043,0.0,0.0,0.0,0.0,0.0,0.0,0.0,0.0,0.0,0.0,0.0
2023-07-18 12:00:00,0.0,0.0,0.0,0.0,0.0,0.0,0.005961424548601864,0.0,0.0,0.0,0.0,0.0,0.0,0.0,0.0,0.0,0.0,0.0
2023-07-18 13:00:00,0.0,0.0,0.0,0.0,0.0,0.0,0.0032714330352689703,0.0,0.0,0.0,0.0,0.0,0.0,0.0,0.0,0.0,0.0,0.0
2023-07-18 14:00:00,0.0,0.0,0.0,0.0,0.0,0.0,0.004382612681110358,0.0,0.0,0.0,0.0,0.0,0.0,0.0,0.0,0.0,0.0,0.0
2023-07-18 15:00:00,0.0,0.0,0.0,0.0,0.0,0.0,0.0028742575552193647,0.0,0.0,0.0,0.0,0.0,0.0,0.0,0.0,0.0,0.0,0.0
2023-07-18 16:00:00,0.0,0.0,0.0,0.0,0.0,0.0,0.002982326111571389,0.0,0.0,0.0,0.0,0.0,0.0,0.0,0.0,0.0,0.0,0.0
2023-07-18 17:00:00,0.0,0.0,0.0,0.0,0.0,0.0,0.0028708211039951206,0.0,0.0,0.0,0.0,0.0,0.0,0.0,0.0,0.0,0.0,0.0
2023-07-18 18:00:00,0.0,0.0,0.0,0.0,0.0,0.0,0.005939550617088608,0.0,0.0,0.0,0.0,0.0,0.0,0.0,0.0,0.0,0.0,0.0
2023-07-18 19:00:00,0.0,0.0,0.0,0.0,0.0,0.0,0.0029543366133413826,0.0,0.0,0.0,0.0,0.0,0.0,0.0,0.0,0.0,0.0,0.0
2023-07-18 20:00:00,0.0,0.0,0.0,0.0,0.0,0.0,0.0032589834347826084,0.0,0.0,0.0,0.0,0.0,0.0,0.0,0.0,0.0,0.0,0.0
2023-07-18 21:00:00,0.0,0.0,0.0,0.0,0.0,0.0,0.0032757556411103766,0.0,0.0,0.0,0.0,0.0,0.0,0.0,0.0,0.0,0.0,0.0
2023-07-18 22:00:00,0.0,0.0,0.0,0.0,0.0,0.0,0.004785989431171787,0.0,0.0,0.0,0.0,0.0,0.0,0.0,0.0,0.0,0.0,0.0
2023-07-18 23:00:00,0.0,0.0,0.0,0.0,0.0,0.0,0.0037019245065535848,0.0,0.0,0.0,0.0,0.0,0.0,0.0,0.0,0.0,0.0,0.0
2023-07-19 00:00:00,0.0,0.0,0.0,0.0,0.0,0.0,0.008126925893108298,0.0,0.0,0.0,0.0,0.0,0.0,0.0,0.0,0.0,0.0,0.0
2023-07-19 01:00:00,0.0,0.0,0.0,0.0,0.0,0.0,0.004159051072744014,0.0,0.0,0.0,0.0,0.0,0.0,0.0,0.0,0.0,0.0,0.0
2023-07-19 02:00:00,0.0,0.0,0.0,0.0,0.0,0.0,0.003734949543147208,0.0,0.0,0.0,0.0,0.0,0.0,0.0,0.0,0.0,0.0,0.0
2023-07-19 03:00:00,0.0,0.0,0.0,0.0,0.0,0.0,0.003868864728593272,0.0,0.0,0.0,0.0,0.0,0.0,0.0,0.0,0.0,0.0,0.0
2023-07-19 04:00:00,0.0,0.0,0.0,0.0,0.0,0.0,0.004181523490802676,0.0,0.0,0.0,0.0,0.0,0.0,0.0,0.0,0.0,0.0,0.0
2023-07-19 05:00:00,0.0,0.0,0.0,0.0,0.0,0.0,0.002954823628706199,0.0,0.0,0.0,0.0,0.0,0.0,0.0,0.0,0.0,0.0,0.0
2023-07-19 06:00:00,0.0,0.0,0.0,0.0,0.0,0.0,0.0023574275688161696,0.0,0.0,0.0,0.0,0.0,0.0,0.0,0.0,0.0,0.0,0.0
2023-07-19 07:00:00,0.0,0.0,0.0,0.0,0.0,0.0,0.002706701134663342,0.0,0.0,0.0,0.0,0.0,0.0,0.0,0.0,0.0,0.0,0.0
2023-07-19 08:00:00,0.0,0.0,0.0,0.0,0.0,0.0,0.0037019935949868074,0.0,0.0,0.0,0.0,0.0,0.0,0.0,0.0,0.0,0.0,0.0
2023-07-19 09:00:00,0.0,0.0,0.0,0.0,0.0,0.0,0.010001240736775819,0.0,0.0,0.0,0.0,0.0,0.0,0.0,0.0,0.0,0.0,0.0
2023-07-19 10:00:00,0.0,0.0,0.0,0.0,0.0,0.0,0.0033760128482247364,0.0,0.0,0.0,0.0,0.0,0.0,0.0,0.0,0.0,0.0,0.0
2023-07-19 11:00:00,0.0,0.0,0.0,0.0,0.0,0.0,0.002454457184750733,0.0,0.0,0.0,0.0,0.0,0.0,0.0,0.0,0.0,0.0,0.0
2023-07-19 12:00:00,0.0,0.0,0.0,0.0,0.0,0.0,0.00563561524691358,0.0,0.0,0.0,0.0,0.0,0.0,0.0,0.0,0.0,0.0,0.0
2023-07-19 13:00:00,0.0,0.0,0.0,0.0,0.0,0.0,0.005083432731206057,0.0,0.0,0.0,0.0,0.0,0.0,0.0,0.0,0.0,0.0,0.0
2023-07-19 14:00:00,0.0,0.0,0.0,0.0,0.0,0.0,0.0060896587278187276,0.0,0.0,0.0,0.0,0.0,0.0,0.0,0.0,0.0,0.0,0.0
2023-07-19 15:00:00,0.0,0.0,0.0,0.0,0.0,0.0,0.004753044777860511,0.0,0.0,0.0,0.0,0.0,0.0,0.0,0.0,0.0,0.0,0.0
2023-07-19 16:00:00,0.0,0.0,0.0,0.0,0.0,0.0,0.004388275525767054,0.0,0.0,0.0,0.0,0.0,0.0,0.0,0.0,0.0,0.0,0.0
2023-07-19 17:00:00,0.0,0.0,0.0,0.0,0.0,0.0,0.002756032204949239,0.0,0.0,0.0,0.0,0.0,0.0,0.0,0.0,0.0,0.0,0.0
2023-07-19 18:00:00,0.0,0.0,0.0,0.0,0.0,0.0,0.0024750678936605315,0.0,0.0,0.0,0.0,0.0,0.0,0.0,0.0,0.0,0.0,0.0
2023-07-19 19:00:00,0.0,0.0,0.0,0.0,0.0,0.0,0.0028827461829085458,0.0,0.0,0.0,0.0,0.0,0.0,0.0,0.0,0.0,0.0,0.0
2023-07-19 20:00:00,0.0,0.0,0.0,0.0,0.0,0.0,0.0022085855675052814,0.0,0.0,0.0,0.0,0.0,0.0,0.0,0.0,0.0,0.0,0.0
2023-07-19 21:00:00,0.0,0.0,0.0,0.0,0.0,0.0,0.002331143942830144,0.0,0.0,0.0,0.0,0.0,0.0,0.0,0.0,0.0,0.0,0.0
2023-07-19 22:00:00,0.0,0.0,0.0,0.0,0.0,0.0,0.0028909823096609087,0.0,0.0,0.0,0.0,0.0,0.0,0.0,0.0,0.0,0.0,0.0
2023-07-19 23:00:00,0.0,0.0,0.0,0.0,0.0,0.0,0.0026936859029192124,0.0,0.0,0.0,0.0,0.0,0.0,0.0,0.0,0.0,0.0,0.0
2023-07-20 00:00:00,0.0,0.0,0.0,0.0,0.0,0.0,0.006035605801810165,0.0,0.0,0.0,0.0,0.0,0.0,0.0,0.0,0.0,0.0,0.0
2023-07-20 01:00:00,0.0,0.0,0.0,0.0,0.0,0.0,0.0022697215368484122,0.0,0.0,0.0,0.0,0.0,0.0,0.0,0.0,0.0,0.0,0.0
2023-07-20 02:00:00,0.0,0.0,0.0,0.0,0.0,0.0,0.0026978284534812077,0.0,0.0,0.0,0.0,0.0,0.0,0.0,0.0,0.0,0.0,0.0
2023-07-20 03:00:00,0.0,0.0,0.0,0.0,0.0,0.0,0.0034477675234351377,0.0,0.0,0.0,0.0,0.0,0.0,0.0,0.0,0.0,0.0,0.0
2023-07-20 04:00:00,0.0,0.0,0.0,0.0,0.0,0.0,0.0033755491760563377,0.0,0.0,0.0,0.0,0.0,0.0,0.0,0.0,0.0,0.0,0.0
2023-07-20 05:00:00,0.0,0.0,0.0,0.0,0.0,0.0,0.0027965600764006788,0.0,0.0,0.0,0.0,0.0,0.0,0.0,0.0,0.0,0.0,0.0
2023-07-20 06:00:00,0.0,0.0,0.0,0.0,0.0,0.0,0.002057618778280543,0.0,0.0,0.0,0.0,0.0,0.0,0.0,0.0,0.0,0.0,0.0
2023-07-20 07:00:00,0.0,0.0,0.0,0.0,0.0,0.0,0.003101071325181758,0.0,0.0,0.0,0.0,0.0,0.0,0.0,0.0,0.0,0.0,0.0
2023-07-20 08:00:00,0.0,0.0,0.0,0.0,0.0,0.0,0.0028029312008501597,0.0,0.0,0.0,0.0,0.0,0.0,0.0,0.0,0.0,0.0,0.0
2023-07-20 09:00:00,0.0,0.0,0.0,0.0,0.0,0.0,0.002577357175683537,0.0,0.0,0.0,0.0,0.0,0.0,0.0,0.0,0.0,0.0,0.0
2023-07-20 10:00:00,0.0,0.0,0.0,0.0,0.0,0.0,0.002954829567765568,0.0,0.0,0.0,0.0,0.0,0.0,0.0,0.0,0.0,0.0,0.0
2023-07-20 11:00:00,0.0,0.0,0.0,0.0,0.0,0.0,0.003830601063988095,0.0,0.0,0.0,0.0,0.0,0.0,0.0,0.0,0.0,0.0,0.0
2023-07-20 12:00:00,0.0,0.0,0.0,0.0,0.0,0.0,0.004263291431044432,0.0,0.0,0.0,0.0,0.0,0.0,0.0,0.0,0.0,0.0,0.0
2023-07-20 13:00:00,0.0,0.0,0.0,0.0,0.0,0.0,0.0030261104479535933,0.0,0.0,0.0,0.0,0.0,0.0,0.0,0.0,0.0,0.0,0.0
2023-07-20 14:00:00,0.0,0.0,0.0,0.0,0.0,0.0,0.002282235171917898,0.0,0.0,0.0,0.0,0.0,0.0,0.0,0.0,0.0,0.0,0.0
2023-07-20 15:00:00,0.0,0.0,0.0,0.0,0.0,0.0,0.0024686754928131415,0.0,0.0,0.0,0.0,0.0,0.0,0.0,0.0,0.0,0.0,0.0
2023-07-20 16:00:00,0.0,0.0,0.0,0.0,0.0,0.0,0.002566180147001176,0.0,0.0,0.0,0.0,0.0,0.0,0.0,0.0,0.0,0.0,0.0
2023-07-20 17:00:00,0.0,0.0,0.0,0.0,0.0,0.0,0.0019474002223489168,0.0,0.0,0.0,0.0,0.0,0.0,0.0,0.0,0.0,0.0,0.0
2023-07-21 21:00:00,0.0,0.0,0.0,0.0,0.0,0.0,0.00233782055134189,0.0,0.0,0.0,0.0,0.0,0.0,0.0,0.0,0.0,0.0,0.0
2023-07-21 22:00:00,0.0,0.0,0.0,0.0,0.0,0.0,0.003423256103482099,0.0,0.0,0.0,0.0,0.0,0.0,0.0,0.0,0.0,0.0,0.0
2023-07-21 23:00:00,0.0,0.0,0.0,0.0,0.0,0.0,0.008580718488246711,0.0,0.0,0.0,0.0,0.0,0.0,0.0,0.0,0.0,0.0,0.0
2023-07-22 00:00:00,0.0,0.0,0.0,0.0,0.0,0.0,0.011591772657868359,0.0,0.0,0.0,0.0,0.0,0.0,0.0,0.0,0.0,0.0,0.0
2023-07-22 01:00:00,0.0,0.0,0.0,0.0,0.0,0.0,0.004552783770330211,0.0,0.0,0.0,0.0,0.0,0.0,0.0,0.0,0.0,0.0,0.0
2023-07-22 02:00:00,0.0,0.0,0.0,0.0,0.0,0.0,0.004243985233609646,0.0,0.0,0.0,0.0,0.0,0.0,0.0,0.0,0.0,0.0,0.0
2023-07-22 03:00:00,0.0,0.0,0.0,0.0,0.0,0.0,0.0037518350136986297,0.0,0.0,0.0,0.0,0.0,0.0,0.0,0.0,0.0,0.0,0.0
2023-07-22 04:00:00,0.0,0.0,0.0,0.0,0.0,0.0,0.003473736284172662,0.0,0.0,0.0,0.0,0.0,0.0,0.0,0.0,0.0,0.0,0.0
2023-07-22 05:00:00,0.0,0.0,0.0,0.0,0.0,0.0,0.003900477354662505,0.0,0.0,0.0,0.0,0.0,0.0,0.0,0.0,0.0,0.0,0.0
2023-07-22 06:00:00,0.0,0.0,0.0,0.0,0.0,0.0,0.0035586873487031697,0.0,0.0,0.0,0.0,0.0,0.0,0.0,0.0,0.0,0.0,0.0
2023-07-22 07:00:00,0.0,0.0,0.0,0.0,0.0,0.0,0.003840712690984171,0.0,0.0,0.0,0.0,0.0,0.0,0.0,0.0,0.0,0.0,0.0
2023-07-22 08:00:00,0.0,0.0,0.0,0.0,0.0,0.0,0.006403090168970814,0.0,0.0,0.0,0.0,0.0,0.0,0.0,0.0,0.0,0.0,0.0
2023-07-22 09:00:00,0.0,0.0,0.0,0.0,0.0,0.0,0.003887112151162791,0.0,0.0,0.0,0.0,0.0,0.0,0.0,0.0,0.0,0.0,0.0
2023-07-22 10:00:00,0.0,0.0,0.0,0.0,0.0,0.0,0.004415931586485494,0.0,0.0,0.0,0.0,0.0,0.0,0.0,0.0,0.0,0.0,0.0
2023-07-22 11:00:00,0.0,0.0,0.0,0.0,0.0,0.0,0.003089964501133787,0.0,0.0,0.0,0.0,0.0,0.0,0.0,0.0,0.0,0.0,0.0
2023-07-22 12:00:00,0.0,0.0,0.0,0.0,0.0,0.0,0.006433043251503006,0.0,0.0,0.0,0.0,0.0,0.0,0.0,0.0,0.0,0.0,0.0
2023-07-22 13:00:00,0.0,0.0,0.0,0.0,0.0,0.0,0.004013896704288939,0.0,0.0,0.0,0.0,0.0,0.0,0.0,0.0,0.0,0.0,0.0
2023-07-22 14:00:00,0.0,0.0,0.0,0.0,0.0,0.0,0.004788659039653036,0.0,0.0,0.0,0.0,0.0,0.0,0.0,0.0,0.0,0.0,0.0
2023-07-22 15:00:00,0.0,0.0,0.0,0.0,0.0,0.0,0.0044337374535165725,0.0,0.0,0.0,0.0,0.0,0.0,0.0,0.0,0.0,0.0,0.0
2023-07-22 16:00:00,0.0,0.0,0.0,0.0,0.0,0.0,0.0033957289369222405,0.0,0.0,0.0,0.0,0.0,0.0,0.0,0.0,0.0,0.0,0.0
2023-07-22 17:00:00,0.0,0.0,0.0,0.0,0.0,0.0,0.0043101376616590465,0.0,0.0,0.0,0.0,0.0,0.0,0.0,0.0,0.0,0.0,0.0
2023-07-22 18:00:00,0.0,0.0,0.0,0.0,0.0,0.0,0.003168846487221316,0.0,0.0,0.0,0.0,0.0,0.0,0.0,0.0,0.0,0.0,0.0
2023-07-22 19:00:00,0.0,0.0,0.0,0.0,0.0,0.0,0.006179875560029283,0.0,0.0,0.0,0.0,0.0,0.0,0.0,0.0,0.0,0.0,0.0
2023-07-22 20:00:00,0.0,0.0,0.0,0.0,0.0,0.0,0.004124597842554771,0.0,0.0,0.0,0.0,0.0,0.0,0.0,0.0,0.0,0.0,0.0
2023-07-22 21:00:00,0.0,0.0,0.0,0.0,0.0,0.0,0.004335575938951559,0.0,0.0,0.0,0.0,0.0,0.0,0.0,0.0,0.0,0.0,0.0
2023-07-22 22:00:00,0.0,0.0,0.0,0.0,0.0,0.0,0.0031380022610985703,0.0,0.0,0.0,0.0,0.0,0.0,0.0,0.0,0.0,0.0,0.0
2023-07-22 23:00:00,0.0,0.0,0.0,0.0,0.0,0.0,0.003145148101225016,0.0,0.0,0.0,0.0,0.0,0.0,0.0,0.0,0.0,0.0,0.0
2023-07-23 00:00:00,0.0,0.0,0.0,0.0,0.0,0.0,0.008434614579106114,0.0,0.0,0.0,0.0,0.0,0.0,0.0,0.0,0.0,0.0,0.0
2023-07-23 01:00:00,0.0,0.0,0.0,0.0,0.0,0.0,0.011220682166304766,0.0,0.0,0.0,0.0,0.0,0.0,0.0,0.0,0.0,0.0,0.0
2023-07-23 02:00:00,0.0,0.0,0.0,0.0,0.0,0.0,0.005197416418896598,0.0,0.0,0.0,0.0,0.0,0.0,0.0,0.0,0.0,0.0,0.0
2023-07-23 03:00:00,0.0,0.0,0.0,0.0,0.0,0.0,0.003951903011706279,0.0,0.0,0.0,0.0,0.0,0.0,0.0,0.0,0.0,0.0,0.0
2023-07-23 04:00:00,0.0,0.0,0.0,0.0,0.0,0.0,0.0034257782312138727,0.0,0.0,0.0,0.0,0.0,0.0,0.0,0.0,0.0,0.0,0.0
2023-07-23 05:00:00,0.0,0.0,0.0,0.0,0.0,0.0,0.0037400018308766485,0.0,0.0,0.0,0.0,0.0,0.0,0.0,0.0,0.0,0.0,0.0
2023-07-23 06:00:00,0.0,0.0,0.0,0.0,0.0,0.0,0.003703675362785254,0.0,0.0,0.0,0.0,0.0,0.0,0.0,0.0,0.0,0.0,0.0
2023-07-23 07:00:00,0.0,0.0,0.0,0.0,0.0,0.0,0.0035319819404591103,0.0,0.0,0.0,0.0,0.0,0.0,0.0,0.0,0.0,0.0,0.0
2023-07-23 08:00:00,0.0,0.0,0.0,0.0,0.0,0.0,0.0033172323835194456,0.0,0.0,0.0,0.0,0.0,0.0,0.0,0.0,0.0,0.0,0.0
2023-07-23 09:00:00,0.0,0.0,0.0,0.0,0.0,0.0,0.0029579322051773733,0.0,0.0,0.0,0.0,0.0,0.0,0.0,0.0,0.0,0.0,0.0
2023-07-23 10:00:00,0.0,0.0,0.0,0.0,0.0,0.0,0.002952199976553341,0.0,0.0,0.0,0.0,0.0,0.0,0.0,0.0,0.0,0.0,0.0
2023-07-23 11:00:00,0.0,0.0,0.0,0.0,0.0,0.0,0.0031215370128258174,0.0,0.0,0.0,0.0,0.0,0.0,0.0,0.0,0.0,0.0,0.0
2023-07-23 12:00:00,0.0,0.0,0.0,0.0,0.0,0.0,0.0055554590553660455,0.0,0.0,0.0,0.0,0.0,0.0,0.0,0.0,0.0,0.0,0.0
2023-07-23 13:00:00,0.0,0.0,0.0,0.0,0.0,0.0,0.003005514238826816,0.0,0.0,0.0,0.0,0.0,0.0,0.0,0.0,0.0,0.0,0.0
2023-07-23 14:00:00,0.0,0.0,0.0,0.0,0.0,0.0,0.0042531503953337655,0.0,0.0,0.0,0.0,0.0,0.0,0.0,0.0,0.0,0.0,0.0
2023-07-23 15:00:00,0.0,0.0,0.0,0.0,0.0,0.0,0.002961555712856428,0.0,0.0,0.0,0.0,0.0,0.0,0.0,0.0,0.0,0.0,0.0
2023-07-23 16:00:00,0.0,0.0,0.0,0.0,0.0,0.0,0.004682056209650582,0.0,0.0,0.0,0.0,0.0,0.0,0.0,0.0,0.0,0.0,0.0
2023-07-23 17:00:00,0.0,0.0,0.0,0.0,0.0,0.0,0.003937828439866707,0.0,0.0,0.0,0.0,0.0,0.0,0.0,0.0,0.0,0.0,0.0
2023-07-23 18:00:00,0.0,0.0,0.0,0.0,0.0,0.0,0.0030252509208899877,0.0,0.0,0.0,0.0,0.0,0.0,0.0,0.0,0.0,0.0,0.0
2023-07-23 19:00:00,0.0,0.0,0.0,0.0,0.0,0.0,0.002931459414893617,0.0,0.0,0.0,0.0,0.0,0.0,0.0,0.0,0.0,0.0,0.0
2023-07-23 20:00:00,0.0,0.0,0.0,0.0,0.0,0.0,0.0031871389795158286,0.0,0.0,0.0,0.0,0.0,0.0,0.0,0.0,0.0,0.0,0.0
2023-07-23 21:00:00,0.0,0.0,0.0,0.0,0.0,0.0,0.0030287039069767444,0.0,0.0,0.0,0.0,0.0,0.0,0.0,0.0,0.0,0.0,0.0
2023-07-23 22:00:00,0.0,0.0,0.0,0.0,0.0,0.0,0.0026432946616775804,0.0,0.0,0.0,0.0,0.0,0.0,0.0,0.0,0.0,0.0,0.0
2023-07-23 23:00:00,0.0,0.0,0.0,0.0,0.0,0.0,0.003277537506542056,0.0,0.0,0.0,0.0,0.0,0.0,0.0,0.0,0.0,0.0,0.0
2023-07-24 00:00:00,0.0,0.0,0.0,0.0,0.0,0.0,0.007306048906593407,0.0,0.0,0.0,0.0,0.0,0.0,0.0,0.0,0.0,0.0,0.0
2023-07-24 01:00:00,0.0,0.0,0.0,0.0,0.0,0.0,0.0030451054581049335,0.0,0.0,0.0,0.0,0.0,0.0,0.0,0.0,0.0,0.0,0.0
2023-07-24 02:00:00,0.0,0.0,0.0,0.0,0.0,0.0,0.002292185662882432,0.0,0.0,0.0,0.0,0.0,0.0,0.0,0.0,0.0,0.0,0.0
2023-07-24 03:00:00,0.0,0.0,0.0,0.0,0.0,0.0,0.0047127555570877,0.0,0.0,0.0,0.0,0.0,0.0,0.0,0.0,0.0,0.0,0.0
2023-07-24 04:00:00,0.0,0.0,0.0,0.0,0.0,0.0,0.0033974937280537914,0.0,0.0,0.0,0.0,0.0,0.0,0.0,0.0,0.0,0.0,0.0
2023-07-24 05:00:00,0.0,0.0,0.0,0.0,0.0,0.0,0.0030468108387096773,0.0,0.0,0.0,0.0,0.0,0.0,0.0,0.0,0.0,0.0,0.0
2023-07-24 06:00:00,0.0,0.0,0.0,0.0,0.0,0.0,0.003142656148900169,0.0,0.0,0.0,0.0,0.0,0.0,0.0,0.0,0.0,0.0,0.0
2023-07-24 07:00:00,0.0,0.0,0.0,0.0,0.0,0.0,0.002715165035663338,0.0,0.0,0.0,0.0,0.0,0.0,0.0,0.0,0.0,0.0,0.0
2023-07-24 08:00:00,0.0,0.0,0.0,0.0,0.0,0.0,0.003075848752148505,0.0,0.0,0.0,0.0,0.0,0.0,0.0,0.0,0.0,0.0,0.0
2023-07-24 09:00:00,0.0,0.0,0.0,0.0,0.0,0.0,0.0025294827024070024,0.0,0.0,0.0,0.0,0.0,0.0,0.0,0.0,0.0,0.0,0.0
2023-07-24 10:00:00,0.0,0.0,0.0,0.0,0.0,0.0,0.0036042885540391,0.0,0.0,0.0,0.0,0.0,0.0,0.0,0.0,0.0,0.0,0.0
2023-07-24 11:00:00,0.0,0.0,0.0,0.0,0.0,0.0,0.003520377115102639,0.0,0.0,0.0,0.0,0.0,0.0,0.0,0.0,0.0,0.0,0.0
2023-07-24 12:00:00,0.0,0.0,0.0,0.0,0.0,0.0,0.006160164504,0.0,0.0,0.0,0.0,0.0,0.0,0.0,0.0,0.0,0.0,0.0
2023-07-24 13:00:00,0.0,0.0,0.0,0.0,0.0,0.0,0.003452390224756793,0.0,0.0,0.0,0.0,0.0,0.0,0.0,0.0,0.0,0.0,0.0
2023-07-24 14:00:00,0.0,0.0,0.0,0.0,0.0,0.0,0.00304665401666063,0.0,0.0,0.0,0.0,0.0,0.0,0.0,0.0,0.0,0.0,0.0
2023-07-24 15:00:00,0.0,0.0,0.0,0.0,0.0,0.0,0.00872096766394522,0.0,0.0,0.0,0.0,0.0,0.0,0.0,0.0,0.0,0.0,0.0
2023-07-24 16:00:00,0.0,0.0,0.0,0.0,0.0,0.0,0.0036158909960728315,0.0,0.0,0.0,0.0,0.0,0.0,0.0,0.0,0.0,0.0,0.0
2023-07-24 17:00:00,0.0,0.0,0.0,0.0,0.0,0.0,0.003123266346749226,0.0,0.0,0.0,0.0,0.0,0.0,0.0,0.0,0.0,0.0,0.0
2023-07-24 18:00:00,0.0,0.0,0.0,0.0,0.0,0.0,0.003156048493236867,0.0,0.0,0.0,0.0,0.0,0.0,0.0,0.0,0.0,0.0,0.0
2023-07-24 19:00:00,0.0,0.0,0.0,0.0,0.0,0.0,0.003877038116104869,0.0,0.0,0.0,0.0,0.0,0.0,0.0,0.0,0.0,0.0,0.0
2023-07-24 20:00:00,0.0,0.0,0.0,0.0,0.0,0.0,0.003433487087706147,0.0,0.0,0.0,0.0,0.0,0.0,0.0,0.0,0.0,0.0,0.0
2023-07-24 21:00:00,0.0,0.0,0.0,0.0,0.0,0.0,0.003148646543289347,0.0,0.0,0.0,0.0,0.0,0.0,0.0,0.0,0.0,0.0,0.0
2023-07-24 22:00:00,0.0,0.0,0.0,0.0,0.0,0.0,0.005077504951690822,0.0,0.0,0.0,0.0,0.0,0.0,0.0,0.0,0.0,0.0,0.0
2023-07-24 23:00:00,0.0,0.0,0.0,0.0,0.0,0.0,0.005555276737739872,0.0,0.0,0.0,0.0,0.0,0.0,0.0,0.0,0.0,0.0,0.0
2023-07-25 00:00:00,0.0,0.0,0.0,0.0,0.0,0.0,0.00949422357265798,0.0,0.0,0.0,0.0,0.0,0.0,0.0,0.0,0.0,0.0,0.0
2023-07-25 01:00:00,0.0,0.0,0.0,0.0,0.0,0.0,0.01420749550257486,0.0,0.0,0.0,0.0,0.0,0.0,0.0,0.0,0.0,0.0,0.0
2023-07-25 02:00:00,0.0,0.0,0.0,0.0,0.0,0.0,0.004073386715395158,0.0,0.0,0.0,0.0,0.0,0.0,0.0,0.0,0.0,0.0,0.0
2023-07-25 03:00:00,0.0,0.0,0.0,0.0,0.0,0.0,0.003090199228383094,0.0,0.0,0.0,0.0,0.0,0.0,0.0,0.0,0.0,0.0,0.0
2023-07-25 04:00:00,0.0,0.0,0.0,0.0,0.0,0.0,0.004764909663632766,0.0,0.0,0.0,0.0,0.0,0.0,0.0,0.0,0.0,0.0,0.0
2023-07-25 05:00:00,0.0,0.0,0.0,0.0,0.0,0.0,0.0032171236117281205,0.0,0.0,0.0,0.0,0.0,0.0,0.0,0.0,0.0,0.0,0.0
2023-07-25 06:00:00,0.0,0.0,0.0,0.0,0.0,0.0,0.003466484339984651,0.0,0.0,0.0,0.0,0.0,0.0,0.0,0.0,0.0,0.0,0.0
2023-07-25 07:00:00,0.0,0.0,0.0,0.0,0.0,0.0,0.0032428294448946515,0.0,0.0,0.0,0.0,0.0,0.0,0.0,0.0,0.0,0.0,0.0
2023-07-25 08:00:00,0.0,0.0,0.0,0.0,0.0,0.0,0.0029929925576036866,0.0,0.0,0.0,0.0,0.0,0.0,0.0,0.0,0.0,0.0,0.0
2023-07-25 09:00:00,0.0,0.0,0.0,0.0,0.0,0.0,0.0035014181697869593,0.0,0.0,0.0,0.0,0.0,0.0,0.0,0.0,0.0,0.0,0.0
2023-07-25 10:00:00,0.0,0.0,0.0,0.0,0.0,0.0,0.004005326913265306,0.0,0.0,0.0,0.0,0.0,0.0,0.0,0.0,0.0,0.0,0.0
2023-07-25 11:00:00,0.0,0.0,0.0,0.0,0.0,0.0,0.002940277838098297,0.0,0.0,0.0,0.0,0.0,0.0,0.0,0.0,0.0,0.0,0.0
2023-07-25 12:00:00,0.0,0.0,0.0,0.0,0.0,0.0,0.00590637915987637,0.0,0.0,0.0,0.0,0.0,0.0,0.0,0.0,0.0,0.0,0.0
2023-07-25 13:00:00,0.0,0.0,0.0,0.0,0.0,0.0,0.003521719447449768,0.0,0.0,0.0,0.0,0.0,0.0,0.0,0.0,0.0,0.0,0.0
2023-07-25 14:00:00,0.0,0.0,0.0,0.0,0.0,0.0,0.0037976541104294474,0.0,0.0,0.0,0.0,0.0,0.0,0.0,0.0,0.0,0.0,0.0
2023-07-25 15:00:00,0.0,0.0,0.0,0.0,0.0,0.0,0.003530105071623465,0.0,0.0,0.0,0.0,0.0,0.0,0.0,0.0,0.0,0.0,0.0
2023-07-25 16:00:00,0.0,0.0,0.0,0.0,0.0,0.0,0.004223108193935355,0.0,0.0,0.0,0.0,0.0,0.0,0.0,0.0,0.0,0.0,0.0
2023-07-25 17:00:00,0.0,0.0,0.0,0.0,0.0,0.0,0.010977851479329238,0.0,0.0,0.0,0.0,0.0,0.0,0.0,0.0,0.0,0.0,0.0
2023-07-25 18:00:00,0.0,0.0,0.0,0.0,0.0,0.0,0.010435998453942729,0.0,0.0,0.0,0.0,0.0,0.0,0.0,0.0,0.0,0.0,0.0
2023-07-25 19:00:00,0.0,0.0,0.0,0.0,0.0,0.0,0.011019471751586582,0.0,0.0,0.0,0.0,0.0,0.0,0.0,0.0,0.0,0.0,0.0
2023-07-25 20:00:00,0.0,0.0,0.0,0.0,0.0,0.0,0.008407918608876973,0.0,0.0,0.0,0.0,0.0,0.0,0.0,0.0,0.0,0.0,0.0
2023-07-25 21:00:00,0.0,0.0,0.0,0.0,0.0,0.0,0.004445191200120012,0.0,0.0,0.0,0.0,0.0,0.0,0.0,0.0,0.0,0.0,0.0
2023-07-25 22:00:00,0.0,0.0,0.0,0.0,0.0,0.0,0.006576816748984058,0.0,0.0,0.0,0.0,0.0,0.0,0.0,0.0,0.0,0.0,0.0
2023-07-25 23:00:00,0.0,0.0,0.0,0.0,0.0,0.0,0.0032358462789841736,0.0,0.0,0.0,0.0,0.0,0.0,0.0,0.0,0.0,0.0,0.0
2023-07-26 00:00:00,0.0,0.0,0.0,0.0,0.0,0.0,0.007141065040951123,0.0,0.0,0.0,0.0,0.0,0.0,0.0,0.0,0.0,0.0,0.0
2023-07-26 01:00:00,0.0,0.0,0.0,0.0,0.0,0.0,0.0038164825114942527,0.0,0.0,0.0,0.0,0.0,0.0,0.0,0.0,0.0,0.0,0.0
2023-07-26 02:00:00,0.0,0.0,0.0,0.0,0.0,0.0,0.0038130078345153667,0.0,0.0,0.0,0.0,0.0,0.0,0.0,0.0,0.0,0.0,0.0
2023-07-26 03:00:00,0.0,0.0,0.0,0.0,0.0,0.0,0.004655223921278485,0.0,0.0,0.0,0.0,0.0,0.0,0.0,0.0,0.0,0.0,0.0
2023-07-26 04:00:00,0.0,0.0,0.0,0.0,0.0,0.0,0.002722815768478686,0.0,0.0,0.0,0.0,0.0,0.0,0.0,0.0,0.0,0.0,0.0
2023-07-26 05:00:00,0.0,0.0,0.0,0.0,0.0,0.0,0.0022815333772507685,0.0,0.0,0.0,0.0,0.0,0.0,0.0,0.0,0.0,0.0,0.0
2023-07-26 06:00:00,0.0,0.0,0.0,0.0,0.0,0.0,0.002718868581327498,0.0,0.0,0.0,0.0,0.0,0.0,0.0,0.0,0.0,0.0,0.0
2023-07-26 07:00:00,0.0,0.0,0.0,0.0,0.0,0.0,0.00292041594887684,0.0,0.0,0.0,0.0,0.0,0.0,0.0,0.0,0.0,0.0,0.0
2023-07-26 08:00:00,0.0,0.0,0.0,0.0,0.0,0.0,0.005811017518491124,0.0,0.0,0.0,0.0,0.0,0.0,0.0,0.0,0.0,0.0,0.0
2023-07-26 09:00:00,0.0,0.0,0.0,0.0,0.0,0.0,0.011618175553805775,0.0,0.0,0.0,0.0,0.0,0.0,0.0,0.0,0.0,0.0,0.0
2023-07-26 10:00:00,0.0,0.0,0.0,0.0,0.0,0.0,0.00403287851492269,0.0,0.0,0.0,0.0,0.0,0.0,0.0,0.0,0.0,0.0,0.0
2023-07-26 11:00:00,0.0,0.0,0.0,0.0,0.0,0.0,0.002454614442435202,0.0,0.0,0.0,0.0,0.0,0.0,0.0,0.0,0.0,0.0,0.0
2023-07-26 12:00:00,0.0,0.0,0.0,0.0,0.0,0.0,0.006330155721566523,0.0,0.0,0.0,0.0,0.0,0.0,0.0,0.0,0.0,0.0,0.0
2023-07-26 13:00:00,0.0,0.0,0.0,0.0,0.0,0.0,0.0035389379463655612,0.0,0.0,0.0,0.0,0.0,0.0,0.0,0.0,0.0,0.0,0.0
2023-07-26 14:00:00,0.0,0.0,0.0,0.0,0.0,0.0,0.004328873850377488,0.0,0.0,0.0,0.0,0.0,0.0,0.0,0.0,0.0,0.0,0.0
2023-07-26 15:00:00,0.0,0.0,0.0,0.0,0.0,0.0,0.004161026833754057,0.0,0.0,0.0,0.0,0.0,0.0,0.0,0.0,0.0,0.0,0.0
2023-07-26 16:00:00,0.0,0.0,0.0,0.0,0.0,0.0,0.0037696230010679957,0.0,0.0,0.0,0.0,0.0,0.0,0.0,0.0,0.0,0.0,0.0
2023-07-26 17:00:00,0.0,0.0,0.0,0.0,0.0,0.0,0.003097799739130435,0.0,0.0,0.0,0.0,0.0,0.0,0.0,0.0,0.0,0.0,0.0
2023-07-26 18:00:00,0.0,0.0,0.0,0.0,0.0,0.0,0.0037597243259911897,0.0,0.0,0.0,0.0,0.0,0.0,0.0,0.0,0.0,0.0,0.0
2023-07-26 19:00:00,0.0,0.0,0.0,0.0,0.0,0.0,0.003313635883811548,0.0,0.0,0.0,0.0,0.0,0.0,0.0,0.0,0.0,0.0,0.0
2023-07-26 20:00:00,0.0,0.0,0.0,0.0,0.0,0.0,0.004089318574789916,0.0,0.0,0.0,0.0,0.0,0.0,0.0,0.0,0.0,0.0,0.0
2023-07-26 21:00:00,0.0,0.0,0.0,0.0,0.0,0.0,0.004262180243467933,0.0,0.0,0.0,0.0,0.0,0.0,0.0,0.0,0.0,0.0,0.0
2023-07-26 22:00:00,0.0,0.0,0.0,0.0,0.0,0.0,0.0039239407508161045,0.0,0.0,0.0,0.0,0.0,0.0,0.0,0.0,0.0,0.0,0.0
2023-07-26 23:00:00,0.0,0.0,0.0,0.0,0.0,0.0,0.003343295681366706,0.0,0.0,0.0,0.0,0.0,0.0,0.0,0.0,0.0,0.0,0.0
2023-07-27 00:00:00,0.0,0.0,0.0,0.0,0.0,0.0,0.007633814455311056,0.0,0.0,0.0,0.0,0.0,0.0,0.0,0.0,0.0,0.0,0.0
2023-07-27 01:00:00,0.0,0.0,0.0,0.0,0.0,0.0,0.004088743887201735,0.0,0.0,0.0,0.0,0.0,0.0,0.0,0.0,0.0,0.0,0.0
2023-07-27 02:00:00,0.0,0.0,0.0,0.0,0.0,0.0,0.004193336853171775,0.0,0.0,0.0,0.0,0.0,0.0,0.0,0.0,0.0,0.0,0.0
2023-07-27 03:00:00,0.0,0.0,0.0,0.0,0.0,0.0,0.0076221686924723515,0.0,0.0,0.0,0.0,0.0,0.0,0.0,0.0,0.0,0.0,0.0
2023-07-27 04:00:00,0.0,0.0,0.0,0.0,0.0,0.0,0.0035716078335278102,0.0,0.0,0.0,0.0,0.0,0.0,0.0,0.0,0.0,0.0,0.0
2023-07-27 05:00:00,0.0,0.0,0.0,0.0,0.0,0.0,0.003163898211382114,0.0,0.0,0.0,0.0,0.0,0.0,0.0,0.0,0.0,0.0,0.0
2023-07-27 06:00:00,0.0,0.0,0.0,0.0,0.0,0.0,0.0030664968295700586,0.0,0.0,0.0,0.0,0.0,0.0,0.0,0.0,0.0,0.0,0.0
2023-07-27 07:00:00,0.0,0.0,0.0,0.0,0.0,0.0,0.0028120108600546857,0.0,0.0,0.0,0.0,0.0,0.0,0.0,0.0,0.0,0.0,0.0
2023-07-27 08:00:00,0.0,0.0,0.0,0.0,0.0,0.0,0.004014417731196054,0.0,0.0,0.0,0.0,0.0,0.0,0.0,0.0,0.0,0.0,0.0
2023-07-27 09:00:00,0.0,0.0,0.0,0.0,0.0,0.0,0.0035949345350052247,0.0,0.0,0.0,0.0,0.0,0.0,0.0,0.0,0.0,0.0,0.0
2023-07-27 10:00:00,0.0,0.0,0.0,0.0,0.0,0.0,0.0024013582530712533,0.0,0.0,0.0,0.0,0.0,0.0,0.0,0.0,0.0,0.0,0.0
2023-07-27 11:00:00,0.0,0.0,0.0,0.0,0.0,0.0,0.0038097056205420826,0.0,0.0,0.0,0.0,0.0,0.0,0.0,0.0,0.0,0.0,0.0
2023-07-27 12:00:00,0.0,0.0,0.0,0.0,0.0,0.0,0.0064150102835648145,0.0,0.0,0.0,0.0,0.0,0.0,0.0,0.0,0.0,0.0,0.0
2023-07-27 13:00:00,0.0,0.0,0.0,0.0,0.0,0.0,0.0031716117104247103,0.0,0.0,0.0,0.0,0.0,0.0,0.0,0.0,0.0,0.0,0.0
2023-07-27 14:00:00,0.0,0.0,0.0,0.0,0.0,0.0,0.004630684296710987,0.0,0.0,0.0,0.0,0.0,0.0,0.0,0.0,0.0,0.0,0.0
2023-07-27 15:00:00,0.0,0.0,0.0,0.0,0.0,0.0,0.003419211287227002,0.0,0.0,0.0,0.0,0.0,0.0,0.0,0.0,0.0,0.0,0.0
2023-07-27 16:00:00,0.0,0.0,0.0,0.0,0.0,0.0,0.003564774905458437,0.0,0.0,0.0,0.0,0.0,0.0,0.0,0.0,0.0,0.0,0.0
2023-07-27 17:00:00,0.0,0.0,0.0,0.0,0.0,0.0,0.0047543135538184005,0.0,0.0,0.0,0.0,0.0,0.0,0.0,0.0,0.0,0.0,0.0
2023-07-27 18:00:00,0.0,0.0,0.0,0.0,0.0,0.0,0.00577149903917221,0.0,0.0,0.0,0.0,0.0,0.0,0.0,0.0,0.0,0.0,0.0
2023-07-27 19:00:00,0.0,0.0,0.0,0.0,0.0,0.0,0.0036764712182163184,0.0,0.0,0.0,0.0,0.0,0.0,0.0,0.0,0.0,0.0,0.0
2023-07-27 20:00:00,0.0,0.0,0.0,0.0,0.0,0.0,0.0036274813704994194,0.0,0.0,0.0,0.0,0.0,0.0,0.0,0.0,0.0,0.0,0.0
2023-07-27 21:00:00,0.0,0.0,0.0,0.0,0.0,0.0,0.0029706376693163753,0.0,0.0,0.0,0.0,0.0,0.0,0.0,0.0,0.0,0.0,0.0
2023-07-27 22:00:00,0.0,0.0,0.0,0.0,0.0,0.0,0.003523934618277548,0.0,0.0,0.0,0.0,0.0,0.0,0.0,0.0,0.0,0.0,0.0
2023-07-27 23:00:00,0.0,0.0,0.0,0.0,0.0,0.0,0.003143996350749291,0.0,0.0,0.0,0.0,0.0,0.0,0.0,0.0,0.0,0.0,0.0
2023-07-28 00:00:00,0.0,0.0,0.0,0.0,0.0,0.0,0.007302992467122567,0.0,0.0,0.0,0.0,0.0,0.0,0.0,0.0,0.0,0.0,0.0
2023-07-28 01:00:00,0.0,0.0,0.0,0.0,0.0,0.0,0.003843740430338892,0.0,0.0,0.0,0.0,0.0,0.0,0.0,0.0,0.0,0.0,0.0
2023-07-28 02:00:00,0.0,0.0,0.0,0.0,0.0,0.0,0.004094315081499593,0.0,0.0,0.0,0.0,0.0,0.0,0.0,0.0,0.0,0.0,0.0
2023-07-28 03:00:00,0.0,0.0,0.0,0.0,0.0,0.0,0.003962524824259132,0.0,0.0,0.0,0.0,0.0,0.0,0.0,0.0,0.0,0.0,0.0
2023-07-28 04:00:00,0.0,0.0,0.0,0.0,0.0,0.0,0.0036235437590652697,0.0,0.0,0.0,0.0,0.0,0.0,0.0,0.0,0.0,0.0,0.0
2023-07-28 05:00:00,0.0,0.0,0.0,0.0,0.0,0.0,0.0032432712014652016,0.0,0.0,0.0,0.0,0.0,0.0,0.0,0.0,0.0,0.0,0.0
2023-07-28 06:00:00,0.0,0.0,0.0,0.0,0.0,0.0,0.0032894957065803666,0.0,0.0,0.0,0.0,0.0,0.0,0.0,0.0,0.0,0.0,0.0
2023-07-28 07:00:00,0.0,0.0,0.0,0.0,0.0,0.0,0.0034386129885527394,0.0,0.0,0.0,0.0,0.0,0.0,0.0,0.0,0.0,0.0,0.0
2023-07-28 08:00:00,0.0,0.0,0.0,0.0,0.0,0.0,0.0036644639968404424,0.0,0.0,0.0,0.0,0.0,0.0,0.0,0.0,0.0,0.0,0.0
2023-07-28 09:00:00,0.0,0.0,0.0,0.0,0.0,0.0,0.003232443687775144,0.0,0.0,0.0,0.0,0.0,0.0,0.0,0.0,0.0,0.0,0.0
2023-07-28 12:00:00,0.2022448,0.00193071207633033,0.3256366220843672,0.7391556087931034,1.0022319285714285,0.98863083,0.0038621929671801745,0.004768915555555556,0.0,0.12065601,0.0120414,1.2349026916666668,0.0,0.979782,0.0,0.02569974,0.0026944025531914894,0.0
2023-07-28 13:00:00,0.0,0.0019376398282219044,0.33016877045454546,0.7713267228888888,0.9776285530610687,0.9944517122222223,0.003366536629303443,0.0041896066666666665,0.0,0.0,0.0,1.064895933235294,0.0,0.491723195,0.03198297,0.026352850909090907,0.0363593950877193,0.0
2023-07-28 14:00:00,0.19954546,0.0019251411973075206,0.27126923402862985,0.769117403255814,0.9681891100502247,0.99591337,0.0037237090272373543,0.004385596666666667,0.0,0.12416574,0.01195655,1.1836513442105263,0.0,0.977102,0.0,0.02503903111111111,0.0090227885,0.0
